==================== 2026-03-24T00:02:15.586075Z | 019d1d26-3198-7e43-a3a4-07ab88c540be ====================
00:02:15.588824 [info ]: dbt-fusion 2.0.0-preview.154
00:02:15.591081 [info ]: Started loading project
00:02:15.609215 [info ]: Loading profiles.yml
00:02:15.620647 [info ]: Finished loading project [  0.03s]
00:02:15.621847 [info ]: Started debugging
00:02:15.622157 [info ]: Debugging profile: dev
00:02:15.622173 [info ]: Debugging dbt version: 2.0.0-preview.154
00:02:15.622333 [info ]: Debugging platform: macos aarch64 (unix)
00:02:15.622987 [info ]: Debugging adapter type: snowflake (remote)
00:02:15.633433 [info ]: Debugging dependencies:
  git: OK
00:02:15.636730 [info ]: Debugging connection:
  "account": "gvojndi-urc93276",
  "user": "dbt",
  "database": "AIRSTATS",
  "warehouse": "COMPUTE_WH",
  "schema": "DEV",
  "role": "TRANSFORM"
00:02:17.325686 [debug]: Query executed on node unknown:
select 1 as id
00:02:17.328754 [info ]: Debugging connection test: OK
00:02:17.329588 [info ]: Debugged All checks passed!
00:02:17.329658 [info ]: Finished debugging [  1.71s]
00:02:17.684300 [info ]: 
==================== Execution Summary =====================
Finished 'debug' successfully for target 'dev' [2.1s]
==================== 2026-03-24T00:07:17.691601Z | 019d1d2a-cdba-7100-98fd-0aec7d9347d0 ====================
00:07:17.691653 [info ]: dbt-fusion 2.0.0-preview.154
00:07:17.691740 [info ]: Started loading project
00:07:17.692271 [info ]: Loading profiles.yml
00:07:17.795581 [debug]:    Started loading packages
00:07:17.802899 [debug]:     Loaded [  0.01s] packages
00:07:17.807155 [info ]: Finished loading project [  0.12s]
00:07:17.809077 [info ]: Started parsing
00:07:17.841482 [debug]: Finished parsing models/sources.yml [  0.01s]
00:07:17.851313 [info ]: Finished parsing [  0.04s]
00:07:17.854534 [info ]: Started scheduling
00:07:17.856001 [info ]: Finished scheduling [  0.00s]
00:07:17.856027 [warn ]: dbt1601: Nothing to do. Try checking your model configs and model specification args
00:07:18.391529 [info ]: 
==================== Execution Summary =====================
Finished 'run' with 1 warning for target 'dev' [699ms]
==================== 2026-03-24T00:10:21.191287Z | 019d1d2d-9a86-76f2-8dcd-d5ee27ea5dbe ====================
00:10:21.191418 [info ]: dbt-fusion 2.0.0-preview.154
00:10:21.191515 [info ]: Started loading project
00:10:21.192099 [info ]: Loading profiles.yml
00:10:21.291034 [debug]:    Started loading packages
00:10:21.291438 [debug]:     Loaded [  0.00s] packages
00:10:21.291765 [info ]: Finished loading project [  0.10s]
00:10:21.291923 [info ]: Started parsing
00:10:21.301965 [debug]: Finished parsing models/sources.yml [  0.00s]
00:10:21.306971 [debug]: Finished parsing models/bronze/src_airports.sql [  0.00s]
00:10:21.308735 [info ]: Finished parsing [  0.02s]
00:10:21.308955 [info ]: Started scheduling
00:10:21.309022 [info ]: Finished scheduling [  0.00s]
00:10:21.309345 [debug]: Initializing schema store with entry: Frontier(CanonicalFqn { catalog: "AIRSTATS", schema: "RAW", table: "AIRPORTS" }) and interval: None
00:10:21.309875 [info ]: Started downloading schemas
00:10:21.777195 [debug]: Query executed on node unknown:
describe table "AIRSTATS"."RAW"."AIRPORTS"
00:10:22.957775 [warn ]: dbt1014: Failed to download source schema for 'source.airstats.airstats.airports'. Setting 'static_analysis' to off. Skipping analysis for 'model.airstats.src_airports': [Snowflake] 002003 (02000): SQL compilation error:
Database 'AIRSTATS' does not exist or not authorized.
00:10:22.957912 [info ]: Finished downloading schemas [  1.65s]
00:10:23.029386 [info ]: Started building task graph
00:10:23.030969 [info ]: Finished building task graph [  0.00s]
00:10:23.451398 [debug]: Query executed on node unknown:
show terse schemas in database AIRSTATS
    limit 10000
/* {"app": "dbt", "connection_name": "", "dbt_version": "2.0.0", "profile_name": "airstats", "target_name": "dev"} */
00:10:24.540250 [debug]: Query executed on node unknown:
create schema if not exists AIRSTATS.DEV
/* {"app": "dbt", "connection_name": "", "dbt_version": "2.0.0", "profile_name": "airstats", "target_name": "dev"} */
00:10:25.551895 [info ]: Started rendering (1 nodes)
00:10:25.552590 [info ]: Started model DEV.src_airports
00:10:25.553291 [debug]: Started rendering model DEV.src_airports
00:10:25.559423 [debug]: Compiled SQL for node model.airstats.src_airports at target/compiled/models/bronze/src_airports.sql
00:10:25.559881 [debug]: Finished rendering [  0.01s] model DEV.src_airports [success]
00:10:25.560017 [info ]: Finished rendering [  0.01s] (1 nodes, 0 skipped, 0 errors)
00:10:25.560095 [info ]: Started running (1 nodes)
00:10:25.560162 [debug]: Started running model DEV.src_airports
00:10:26.095570 [debug]: Query executed on node model.airstats.src_airports:
SHOW OBJECTS IN SCHEMA "AIRSTATS"."DEV" LIMIT 10000
00:10:26.241661 [debug]: Query executed on node model.airstats.src_airports:
show objects like 'SRC_AIRPORTS' in schema AIRSTATS.DEV
/* {"app": "dbt", "dbt_version": "2.0.0", "node_id": "model.airstats.src_airports", "profile_name": "airstats", "target_name": "dev"} */
00:10:26.244239 [debug]: Writing runtime sql for node "model.airstats.src_airports"
00:10:26.340626 [debug]: Query executed on node model.airstats.src_airports:
create or replace   view AIRSTATS.DEV.src_airports
  
  
  
  
  as (
    with source as (

    select *
    from AIRSTATS.RAW.airports

),

renamed as (

    select
        ident as airport_ident,
        type as airport_type,
        name as airport_name,
        latitude_deg as airport_lat,
        longitude_deg as airport_long,
        continent,
        iso_country

    from source

)

select * from renamed
  )
/* {"app": "dbt", "dbt_version": "2.0.0", "node_id": "model.airstats.src_airports", "profile_name": "airstats", "target_name": "dev"} */
00:10:27.349603 [error]: dbt1308: Error executing materialization macro 'dbt_snowflake.materialization_view_snowflake' for model model.airstats.src_airports: [Snowflake] 002003 (02000): SQL compilation error:
Database 'AIRSTATS' does not exist or not authorized.
(in compiled/models/bronze/src_airports.sql:1:14)
(in dbt_internal_packages/dbt-snowflake/macros/materializations/view.sql:4:24)
(in dbt_internal_packages/dbt-snowflake/macros/relations/view/create.sql:67:11)
(in dbt_internal_packages/dbt-adapters/macros/etc/statement.sql:14:35)
  --> compiled/models/bronze/src_airports.sql:1:14
00:10:27.350027 [info ]:     Failed [  1.79s] model DEV.src_airports (view)
00:10:27.350159 [debug]: Finished running [  1.79s] model DEV.src_airports [error]
00:10:27.350222 [info ]: Finished running [  1.79s] (1 nodes, 0 skipped, 1 errors)
00:10:27.408532 [info ]: 
==================== Execution Summary =====================
Finished 'run' with 1 warning and 1 error for target 'dev' [6.2s]
Processed: 1 model
Summary: 1 total | 1 error
==================== 2026-03-24T00:42:58.464891Z | 019d1d4b-7813-79e3-bb67-801e8217e942 ====================
00:42:58.467082 [info ]: dbt-fusion 2.0.0-preview.154
00:42:58.469738 [info ]: Started loading project
00:42:58.496178 [info ]: Loading profiles.yml
00:42:58.616386 [debug]:    Started loading packages
00:42:58.624972 [debug]:     Loaded [  0.01s] packages
00:42:58.631379 [info ]: Finished loading project [  0.16s]
00:42:58.635310 [info ]: Started parsing
00:42:58.670403 [debug]: Finished parsing models/sources.yml [  0.01s]
00:42:58.682956 [debug]: Finished parsing models/bronze/src_airports.sql [  0.01s]
00:42:58.688185 [info ]: Finished parsing [  0.05s]
00:42:58.691599 [info ]: Started scheduling
00:42:58.692707 [info ]: Finished scheduling [  0.00s]
00:42:58.698641 [debug]: Initializing schema store with entry: Frontier(CanonicalFqn { catalog: "AIRSTATS", schema: "RAW", table: "AIRPORTS" }) and interval: None
00:42:58.701791 [info ]: Started downloading schemas
00:42:59.349691 [debug]: Query executed on node unknown:
describe table "AIRSTATS"."RAW"."AIRPORTS"
00:43:00.458787 [warn ]: dbt1014: Failed to download source schema for 'source.airstats.airstats.airports'. Setting 'static_analysis' to off. Skipping analysis for 'model.airstats.src_airports': [Snowflake] 002003 (02000): SQL compilation error:
Database 'AIRSTATS' does not exist or not authorized.
00:43:00.458952 [info ]: Finished downloading schemas [  1.76s]
00:43:00.543732 [info ]: Started building task graph
00:43:00.545730 [info ]: Finished building task graph [  0.00s]
00:43:01.014872 [debug]: Query executed on node unknown:
show terse schemas in database AIRSTATS
    limit 10000
/* {"app": "dbt", "connection_name": "", "dbt_version": "2.0.0", "profile_name": "airstats", "target_name": "dev"} */
00:43:02.227000 [debug]: Query executed on node unknown:
create schema if not exists AIRSTATS.DEV
/* {"app": "dbt", "connection_name": "", "dbt_version": "2.0.0", "profile_name": "airstats", "target_name": "dev"} */
00:43:03.237790 [info ]: Started rendering (1 nodes)
00:43:03.238445 [info ]: Started model DEV.src_airports
00:43:03.238818 [debug]: Started rendering model DEV.src_airports
00:43:03.248094 [debug]: Compiled SQL for node model.airstats.src_airports at target/compiled/models/bronze/src_airports.sql
00:43:03.248743 [debug]: Finished rendering [  0.01s] model DEV.src_airports [success]
00:43:03.248847 [info ]: Finished rendering [  0.01s] (1 nodes, 0 skipped, 0 errors)
00:43:03.248935 [info ]: Started running (1 nodes)
00:43:03.248994 [debug]: Started running model DEV.src_airports
00:43:03.652234 [debug]: Query executed on node model.airstats.src_airports:
SHOW OBJECTS IN SCHEMA "AIRSTATS"."DEV" LIMIT 10000
00:43:03.826083 [debug]: Query executed on node model.airstats.src_airports:
show objects like 'SRC_AIRPORTS' in schema AIRSTATS.DEV
/* {"app": "dbt", "dbt_version": "2.0.0", "node_id": "model.airstats.src_airports", "profile_name": "airstats", "target_name": "dev"} */
00:43:03.828945 [debug]: Writing runtime sql for node "model.airstats.src_airports"
00:43:03.961187 [debug]: Query executed on node model.airstats.src_airports:
create or replace   view AIRSTATS.DEV.src_airports
  
  
  
  
  as (
    with source as (

    select *
    from AIRSTATS.RAW.airports

),

renamed as (

    select
        ident as airport_ident,
        type as airport_type,
        name as airport_name,
        latitude_deg as airport_lat,
        longitude_deg as airport_long,
        continent,
        iso_country

    from source

)

select * from renamed
  )
/* {"app": "dbt", "dbt_version": "2.0.0", "node_id": "model.airstats.src_airports", "profile_name": "airstats", "target_name": "dev"} */
00:43:04.969120 [error]: dbt1308: Error executing materialization macro 'dbt_snowflake.materialization_view_snowflake' for model model.airstats.src_airports: [Snowflake] 002003 (02000): SQL compilation error:
Database 'AIRSTATS' does not exist or not authorized.
(in compiled/models/bronze/src_airports.sql:1:14)
(in dbt_internal_packages/dbt-snowflake/macros/materializations/view.sql:4:24)
(in dbt_internal_packages/dbt-snowflake/macros/relations/view/create.sql:67:11)
(in dbt_internal_packages/dbt-adapters/macros/etc/statement.sql:14:35)
  --> compiled/models/bronze/src_airports.sql:1:14
00:43:04.969520 [info ]:     Failed [  1.73s] model DEV.src_airports (view)
00:43:04.969657 [debug]: Finished running [  1.72s] model DEV.src_airports [error]
00:43:04.969713 [info ]: Finished running [  1.72s] (1 nodes, 0 skipped, 1 errors)
00:43:05.032585 [info ]: 
==================== Execution Summary =====================
Finished 'run' with 1 warning and 1 error for target 'dev' [6.6s]
Processed: 1 model
Summary: 1 total | 1 error
==================== 2026-03-24T01:00:26.992234Z | 019d1d5b-77da-7ec3-80b5-1f45a4839a11 ====================
01:00:26.996579 [info ]: dbt-fusion 2.0.0-preview.154
01:00:27.001757 [info ]: Started loading project
01:00:27.029338 [info ]: Loading profiles.yml
01:00:27.151539 [debug]:    Started loading packages
01:00:27.160043 [debug]:     Loaded [  0.01s] packages
01:00:27.165686 [info ]: Finished loading project [  0.16s]
01:00:27.168069 [info ]: Started parsing
01:00:27.202399 [debug]: Finished parsing models/sources.yml [  0.01s]
01:00:27.211509 [debug]: Finished parsing models/bronze/src_airports.sql [  0.00s]
01:00:27.217400 [info ]: Finished parsing [  0.05s]
01:00:27.220508 [info ]: Started scheduling
01:00:27.222734 [info ]: Finished scheduling [  0.00s]
01:00:27.229733 [debug]: Initializing schema store with entry: Frontier(CanonicalFqn { catalog: "AIRSTATS", schema: "RAW", table: "AIRPORTS" }) and interval: None
01:00:27.233092 [info ]: Started downloading schemas
01:00:28.044579 [debug]: Query executed on node unknown:
describe table "AIRSTATS"."RAW"."AIRPORTS"
01:00:29.191127 [warn ]: dbt1014: Failed to download source schema for 'source.airstats.airstats.airports'. Setting 'static_analysis' to off. Skipping analysis for 'model.airstats.src_airports': [Snowflake] 002003 (02000): SQL compilation error:
Database 'AIRSTATS' does not exist or not authorized.
01:00:29.191270 [info ]: Finished downloading schemas [  1.96s]
01:00:29.292450 [info ]: Started building task graph
01:00:29.294796 [info ]: Finished building task graph [  0.00s]
01:00:29.660431 [debug]: Query executed on node unknown:
show terse schemas in database AIRSTATS
    limit 10000
/* {"app": "dbt", "connection_name": "", "dbt_version": "2.0.0", "profile_name": "airstats", "target_name": "dev"} */
01:00:30.818350 [debug]: Query executed on node unknown:
create schema if not exists AIRSTATS.DEV
/* {"app": "dbt", "connection_name": "", "dbt_version": "2.0.0", "profile_name": "airstats", "target_name": "dev"} */
01:00:31.828598 [info ]: Started rendering (1 nodes)
01:00:31.829213 [info ]: Started model DEV.src_airports
01:00:31.829569 [debug]: Started rendering model DEV.src_airports
01:00:31.839346 [debug]: Compiled SQL for node model.airstats.src_airports at target/compiled/models/bronze/src_airports.sql
01:00:31.839930 [debug]: Finished rendering [  0.01s] model DEV.src_airports [success]
01:00:31.840006 [info ]: Finished rendering [  0.01s] (1 nodes, 0 skipped, 0 errors)
01:00:31.840064 [info ]: Started running (1 nodes)
01:00:31.840112 [debug]: Started running model DEV.src_airports
01:00:32.222414 [debug]: Query executed on node model.airstats.src_airports:
SHOW OBJECTS IN SCHEMA "AIRSTATS"."DEV" LIMIT 10000
01:00:32.319667 [debug]: Query executed on node model.airstats.src_airports:
show objects like 'SRC_AIRPORTS' in schema AIRSTATS.DEV
/* {"app": "dbt", "dbt_version": "2.0.0", "node_id": "model.airstats.src_airports", "profile_name": "airstats", "target_name": "dev"} */
01:00:32.323395 [debug]: Writing runtime sql for node "model.airstats.src_airports"
01:00:32.548881 [debug]: Query executed on node model.airstats.src_airports:
create or replace   view AIRSTATS.DEV.src_airports
  
  
  
  
  as (
    with source as (

    select *
    from AIRSTATS.RAW.airports

),

renamed as (

    select
        ident as airport_ident,
        type as airport_type,
        name as airport_name,
        latitude_deg as airport_lat,
        longitude_deg as airport_long,
        continent,
        iso_country

    from source

)

select * from renamed
  )
/* {"app": "dbt", "dbt_version": "2.0.0", "node_id": "model.airstats.src_airports", "profile_name": "airstats", "target_name": "dev"} */
01:00:33.556875 [error]: dbt1308: Error executing materialization macro 'dbt_snowflake.materialization_view_snowflake' for model model.airstats.src_airports: [Snowflake] 002003 (02000): SQL compilation error:
Database 'AIRSTATS' does not exist or not authorized.
(in compiled/models/bronze/src_airports.sql:1:14)
(in dbt_internal_packages/dbt-snowflake/macros/materializations/view.sql:4:24)
(in dbt_internal_packages/dbt-snowflake/macros/relations/view/create.sql:67:11)
(in dbt_internal_packages/dbt-adapters/macros/etc/statement.sql:14:35)
  --> compiled/models/bronze/src_airports.sql:1:14
01:00:33.557289 [info ]:     Failed [  1.73s] model DEV.src_airports (view)
01:00:33.557434 [debug]: Finished running [  1.72s] model DEV.src_airports [error]
01:00:33.557488 [info ]: Finished running [  1.72s] (1 nodes, 0 skipped, 1 errors)
01:00:33.623142 [info ]: 
==================== Execution Summary =====================
Finished 'run' with 1 warning and 1 error for target 'dev' [6.6s]
Processed: 1 model
Summary: 1 total | 1 error
==================== 2026-03-24T01:01:21.294949Z | 019d1d5c-4c0e-7e90-b5e6-8605024f4990 ====================
01:01:21.294998 [info ]: dbt-fusion 2.0.0-preview.154
01:01:21.295083 [info ]: Started loading project
01:01:21.295606 [info ]: Loading profiles.yml
01:01:21.295952 [info ]: Finished loading project [  0.00s]
01:01:21.295985 [info ]: Started debugging
01:01:21.296011 [info ]: Debugging profile: dev
01:01:21.296024 [info ]: Debugging dbt version: 2.0.0-preview.154
01:01:21.296033 [info ]: Debugging platform: macos aarch64 (unix)
01:01:21.296041 [info ]: Debugging adapter type: snowflake (remote)
01:01:21.309960 [info ]: Debugging dependencies:
  git: OK
01:01:21.310270 [info ]: Debugging connection:
  "account": "gvojndi-urc93276",
  "user": "dbt",
  "database": "AIRSTATS",
  "warehouse": "COMPUTE_WH",
  "schema": "DEV",
  "role": "TRANSFORM"
01:01:21.994012 [debug]: Query executed on node unknown:
select 1 as id
01:01:21.996727 [info ]: Debugging connection test: OK
01:01:21.996820 [info ]: Debugged All checks passed!
01:01:21.996859 [info ]: Finished debugging [  0.70s]
01:01:22.305848 [info ]: 
==================== Execution Summary =====================
Finished 'debug' successfully for target 'dev' [1.0s]
==================== 2026-03-24T01:42:12.553136Z | 019d1d81-b33d-77b3-98c8-5d4c812ad360 ====================
01:42:12.556665 [info ]: dbt-fusion 2.0.0-preview.154
01:42:12.562016 [info ]: Started loading project
01:42:12.588999 [info ]: Loading profiles.yml
01:42:12.711921 [debug]:    Started loading packages
01:42:12.720580 [debug]:     Loaded [  0.01s] packages
01:42:12.728124 [info ]: Finished loading project [  0.17s]
01:42:12.732082 [info ]: Started parsing
01:42:12.767105 [debug]: Finished parsing models/sources.yml [  0.01s]
01:42:12.778602 [debug]: Finished parsing models/bronze/src_airports.sql [  0.01s]
01:42:12.783694 [info ]: Finished parsing [  0.05s]
01:42:12.787426 [info ]: Started scheduling
01:42:12.788537 [info ]: Finished scheduling [  0.00s]
01:42:12.794463 [debug]: Initializing schema store with entry: Frontier(CanonicalFqn { catalog: "AIRSTATS", schema: "RAW", table: "AIRPORTS" }) and interval: None
01:42:12.798317 [info ]: Started downloading schemas
01:42:13.443894 [debug]: Query executed on node unknown:
describe table "AIRSTATS"."RAW"."AIRPORTS"
01:42:13.745390 [info ]: Downloaded AIRSTATS.RAW.airports (schema)
01:42:13.750249 [info ]: Finished downloading schemas [  0.95s]
01:42:13.832905 [info ]: Started building task graph
01:42:13.834754 [info ]: Finished building task graph [  0.00s]
01:42:14.155559 [debug]: Query executed on node unknown:
show terse schemas in database AIRSTATS
    limit 10000
/* {"app": "dbt", "connection_name": "", "dbt_version": "2.0.0", "profile_name": "airstats", "target_name": "dev"} */
01:42:14.314507 [debug]: Query executed on node unknown:
create schema if not exists AIRSTATS.DEV
/* {"app": "dbt", "connection_name": "", "dbt_version": "2.0.0", "profile_name": "airstats", "target_name": "dev"} */
01:42:14.321588 [info ]: Started rendering (1 nodes)
01:42:14.322490 [info ]: Started model DEV.src_airports
01:42:14.323208 [debug]: Started rendering model DEV.src_airports
01:42:14.342503 [debug]: Compiled SQL for node model.airstats.src_airports at target/compiled/models/bronze/src_airports.sql
01:42:14.343409 [debug]: Finished rendering [  0.02s] model DEV.src_airports [success]
01:42:14.343524 [info ]: Finished rendering [  0.02s] (1 nodes, 0 skipped, 0 errors)
01:42:14.343615 [info ]: Started analyzing (1 nodes)
01:42:14.343675 [debug]: Started analyzing model DEV.src_airports
01:42:14.413872 [debug]: Finished analyzing [  0.07s] model DEV.src_airports [success]
01:42:14.413911 [info ]: Finished analyzing [  0.07s] (1 nodes, 0 skipped, 0 errors)
01:42:14.413933 [info ]: Started running (1 nodes)
01:42:14.413953 [debug]: Started running model DEV.src_airports
01:42:15.326747 [debug]: Query executed on node model.airstats.src_airports:
SHOW OBJECTS IN SCHEMA "AIRSTATS"."DEV" LIMIT 10000
01:42:15.329077 [debug]: Writing runtime sql for node "model.airstats.src_airports"
01:42:15.648155 [debug]: Query executed on node model.airstats.src_airports:
create or replace   view AIRSTATS.DEV.src_airports
  
  
  
  
  as (
    with source as (

    select *
    from AIRSTATS.RAW.airports

),

renamed as (

    select
        ident as airport_ident,
        type as airport_type,
        name as airport_name,
        latitude_deg as airport_lat,
        longitude_deg as airport_long,
        continent,
        iso_country

    from source

)

select * from renamed
  )
/* {"app": "dbt", "dbt_version": "2.0.0", "node_id": "model.airstats.src_airports", "profile_name": "airstats", "target_name": "dev"} */
01:42:15.652032 [info ]:  Succeeded [  1.33s] model DEV.src_airports (view)
01:42:15.652186 [debug]: Finished running [  1.24s] model DEV.src_airports [success]
01:42:15.652238 [info ]: Finished running [  1.24s] (1 nodes, 0 skipped, 0 errors)
01:42:15.718226 [info ]: 
==================== Execution Summary =====================
Finished 'run' successfully for target 'dev' [3.2s]
Processed: 1 model
Summary: 1 total | 1 success
==================== 2026-03-24T01:42:41.729333Z | 019d1d82-2534-74a3-af3f-8337456fdad5 ====================
01:42:41.733116 [info ]: dbt-fusion 2.0.0-preview.154
01:42:41.736952 [info ]: Started loading project
01:42:41.758160 [info ]: Loading profiles.yml
01:42:41.888365 [debug]:    Started loading packages
01:42:41.897922 [debug]:     Loaded [  0.01s] packages
01:42:41.903024 [info ]: Finished loading project [  0.17s]
01:42:41.906192 [info ]: Started parsing
01:42:41.938870 [debug]: Finished parsing models/sources.yml [  0.00s]
01:42:41.949037 [debug]: Finished parsing models/bronze/src_airports.sql [  0.01s]
01:42:41.955709 [info ]: Finished parsing [  0.05s]
01:42:41.959189 [info ]: Started scheduling
01:42:41.961149 [info ]: Finished scheduling [  0.00s]
01:42:41.964883 [debug]: Initializing schema store with entry: Frontier(CanonicalFqn { catalog: "AIRSTATS", schema: "RAW", table: "AIRPORTS" }) and interval: None
01:42:42.036990 [info ]: Started building task graph
01:42:42.039482 [info ]: Finished building task graph [  0.00s]
01:42:42.426391 [debug]: Query executed on node unknown:
show terse schemas in database AIRSTATS
    limit 10000
/* {"app": "dbt", "connection_name": "", "dbt_version": "2.0.0", "profile_name": "airstats", "target_name": "dev"} */
01:42:42.438587 [info ]: Started rendering (1 nodes)
01:42:42.439497 [info ]: Started model DEV.src_airports
01:42:42.440356 [debug]: Started rendering model DEV.src_airports
01:42:42.448471 [debug]: Compiled SQL for node model.airstats.src_airports at target/compiled/models/bronze/src_airports.sql
01:42:42.449460 [debug]: Finished rendering [  0.01s] model DEV.src_airports [success]
01:42:42.449535 [info ]: Finished rendering [  0.01s] (1 nodes, 0 skipped, 0 errors)
01:42:42.449806 [info ]: Started analyzing (1 nodes)
01:42:42.449832 [debug]: Started analyzing model DEV.src_airports
01:42:42.533848 [debug]: Finished analyzing [  0.08s] model DEV.src_airports [success]
01:42:42.533886 [info ]: Finished analyzing [  0.08s] (1 nodes, 0 skipped, 0 errors)
01:42:42.533911 [info ]: Started running (1 nodes)
01:42:42.533931 [debug]: Started running model DEV.src_airports
01:42:42.906733 [debug]: Query executed on node model.airstats.src_airports:
SHOW OBJECTS IN SCHEMA "AIRSTATS"."DEV" LIMIT 10000
01:42:42.912483 [debug]: Writing runtime sql for node "model.airstats.src_airports"
01:42:43.155517 [debug]: Query executed on node model.airstats.src_airports:
create or replace   view AIRSTATS.DEV.src_airports
  
  
  
  
  as (
    with source as (

    select *
    from AIRSTATS.RAW.airports

),

renamed as (

    select
        ident as airport_ident,
        type as airport_type,
        name as airport_name,
        latitude_deg as airport_lat,
        longitude_deg as airport_long,
        continent,
        iso_country

    from source

)

select * from renamed
  )
/* {"app": "dbt", "dbt_version": "2.0.0", "node_id": "model.airstats.src_airports", "profile_name": "airstats", "target_name": "dev"} */
01:42:43.159917 [info ]:  Succeeded [  0.72s] model DEV.src_airports (view)
01:42:43.160225 [debug]: Finished running [  0.63s] model DEV.src_airports [success]
01:42:43.160294 [info ]: Finished running [  0.63s] (1 nodes, 0 skipped, 0 errors)
01:42:43.227325 [info ]: 
==================== Execution Summary =====================
Finished 'run' successfully for target 'dev' [1.5s]
Processed: 1 model
Summary: 1 total | 1 success
==================== 2026-03-24T01:48:04.344604Z | 019d1d87-116e-7e21-a160-0adb7b9276a5 ====================
01:48:04.347895 [info ]: dbt-fusion 2.0.0-preview.154
01:48:04.350156 [info ]: Started loading project
01:48:04.368614 [info ]: Loading profiles.yml
01:48:04.478871 [debug]:    Started loading packages
01:48:04.485669 [debug]:     Loaded [  0.01s] packages
01:48:04.491336 [info ]: Finished loading project [  0.14s]
01:48:04.493525 [info ]: Started parsing
01:48:04.522024 [debug]: Finished parsing models/sources.yml [  0.00s]
01:48:04.530279 [debug]: Finished parsing models/bronze/src_airport_comments.sql [  0.01s]
01:48:04.530413 [debug]: Finished parsing models/bronze/src_airports.sql [  0.00s]
01:48:04.534986 [info ]: Finished parsing [  0.04s]
01:48:04.538585 [info ]: Started scheduling
01:48:04.539836 [info ]: Finished scheduling [  0.00s]
01:48:04.543434 [debug]: Initializing schema store with entry: Frontier(CanonicalFqn { catalog: "AIRSTATS", schema: "RAW", table: "AIRPORT_COMMENTS" }) and interval: None
01:48:04.543456 [debug]: Initializing schema store with entry: Frontier(CanonicalFqn { catalog: "AIRSTATS", schema: "RAW", table: "AIRPORTS" }) and interval: None
01:48:04.545600 [info ]: Started downloading schemas
01:48:05.451466 [debug]: Query executed on node unknown:
describe table "AIRSTATS"."RAW"."AIRPORT_COMMENTS"
01:48:06.132743 [info ]: Downloaded AIRSTATS.RAW.airport_comments (schema)
01:48:06.138020 [info ]: Finished downloading schemas [  1.59s]
01:48:06.218056 [info ]: Started building task graph
01:48:06.219580 [info ]: Finished building task graph [  0.00s]
01:48:06.548967 [debug]: Query executed on node unknown:
show terse schemas in database AIRSTATS
    limit 10000
/* {"app": "dbt", "connection_name": "", "dbt_version": "2.0.0", "profile_name": "airstats", "target_name": "dev"} */
01:48:06.553716 [info ]: Started rendering (2 nodes)
01:48:06.554202 [info ]: Started model DEV.src_airports
01:48:06.554330 [debug]: Started rendering model DEV.src_airports
01:48:06.554530 [info ]: Started model DEV.src_airport_comments
01:48:06.554539 [debug]: Started rendering model DEV.src_airport_comments
01:48:06.560335 [debug]: Compiled SQL for node model.airstats.src_airport_comments at target/compiled/models/bronze/src_airport_comments.sql
01:48:06.560331 [debug]: Compiled SQL for node model.airstats.src_airports at target/compiled/models/bronze/src_airports.sql
01:48:06.560700 [debug]: Finished rendering [  0.01s] model DEV.src_airport_comments [success]
01:48:06.560787 [info ]: Started analyzing (2 nodes)
01:48:06.560813 [debug]: Started analyzing model DEV.src_airport_comments
01:48:06.560851 [debug]: Finished rendering [  0.01s] model DEV.src_airports [success]
01:48:06.560873 [info ]: Finished rendering [  0.01s] (2 nodes, 0 skipped, 0 errors)
01:48:06.560891 [debug]: Started analyzing model DEV.src_airports
01:48:06.617972 [debug]: Finished analyzing [  0.06s] model DEV.src_airport_comments [success]
01:48:06.618024 [info ]: Started running (2 nodes)
01:48:06.618044 [debug]: Started running model DEV.src_airport_comments
01:48:06.618055 [debug]: Finished analyzing [  0.06s] model DEV.src_airports [success]
01:48:06.618068 [info ]: Finished analyzing [  0.06s] (2 nodes, 0 skipped, 0 errors)
01:48:06.618081 [debug]: Started running model DEV.src_airports
01:48:06.983470 [debug]: Query executed on node model.airstats.src_airports:
SHOW OBJECTS IN SCHEMA "AIRSTATS"."DEV" LIMIT 10000
01:48:06.983909 [debug]: Query executed on node model.airstats.src_airport_comments:
SHOW OBJECTS IN SCHEMA "AIRSTATS"."DEV" LIMIT 10000
01:48:06.986579 [debug]: Writing runtime sql for node "model.airstats.src_airports"
01:48:06.986579 [debug]: Writing runtime sql for node "model.airstats.src_airport_comments"
01:48:08.642930 [debug]: Query executed on node model.airstats.src_airport_comments:
create or replace   view AIRSTATS.DEV.src_airport_comments
  
  
  
  
  as (
    with source as (

    select *
    from AIRSTATS.RAW.airport_comments

),

renamed as (

    select
        id as comment_id,
        airport_ident,
        date as comment_timestamp,
        member_nickname,
        subject as comment_subject,
        body as comment_body

    from source

)

select *
from renamed
  )
/* {"app": "dbt", "dbt_version": "2.0.0", "node_id": "model.airstats.src_airport_comments", "profile_name": "airstats", "target_name": "dev"} */
01:48:08.645753 [info ]:  Succeeded [  2.09s] model DEV.src_airport_comments (view)
01:48:08.645888 [debug]: Finished running [  2.03s] model DEV.src_airport_comments [success]
01:48:08.769832 [debug]: Query executed on node model.airstats.src_airports:
create or replace   view AIRSTATS.DEV.src_airports
  
  
  
  
  as (
    with source as (

    select *
    from AIRSTATS.RAW.airports

),

renamed as (

    select
        ident as airport_ident,
        type as airport_type,
        name as airport_name,
        latitude_deg as airport_lat,
        longitude_deg as airport_long,
        continent,
        iso_country

    from source

)

select * from renamed
  )
/* {"app": "dbt", "dbt_version": "2.0.0", "node_id": "model.airstats.src_airports", "profile_name": "airstats", "target_name": "dev"} */
01:48:08.771722 [info ]:  Succeeded [  2.22s] model DEV.src_airports (view)
01:48:08.771836 [debug]: Finished running [  2.15s] model DEV.src_airports [success]
01:48:08.771889 [info ]: Finished running [  2.15s] (2 nodes, 0 skipped, 0 errors)
01:48:08.834941 [info ]: 
==================== Execution Summary =====================
Finished 'run' successfully for target 'dev' [4.5s]
Processed: 2 models
Summary: 2 total | 2 success
==================== 2026-03-24T01:50:11.052019Z | 019d1d89-0061-7ca0-91eb-5591f1f59b23 ====================
01:50:11.054128 [info ]: dbt-fusion 2.0.0-preview.154
01:50:11.056380 [info ]: Started loading project
01:50:11.074874 [info ]: Loading profiles.yml
01:50:11.188018 [debug]:    Started loading packages
01:50:11.195580 [debug]:     Loaded [  0.01s] packages
01:50:11.202939 [info ]: Finished loading project [  0.15s]
01:50:11.206337 [info ]: Started parsing
01:50:11.241767 [debug]: Finished parsing models/sources.yml [  0.01s]
01:50:11.254640 [debug]: Finished parsing models/bronze/src_airport_comments.sql [  0.01s]
01:50:11.254791 [debug]: Finished parsing models/bronze/src_airports.sql [  0.00s]
01:50:11.254898 [debug]: Finished parsing models/bronze/src_runways.sql [  0.00s]
01:50:11.259565 [info ]: Finished parsing [  0.05s]
01:50:11.263130 [info ]: Started scheduling
01:50:11.264385 [info ]: Finished scheduling [  0.00s]
01:50:11.269452 [debug]: Initializing schema store with entry: Frontier(CanonicalFqn { catalog: "AIRSTATS", schema: "RAW", table: "RUNWAYS" }) and interval: None
01:50:11.269491 [debug]: Initializing schema store with entry: Frontier(CanonicalFqn { catalog: "AIRSTATS", schema: "RAW", table: "AIRPORTS" }) and interval: None
01:50:11.269504 [debug]: Initializing schema store with entry: Frontier(CanonicalFqn { catalog: "AIRSTATS", schema: "RAW", table: "AIRPORT_COMMENTS" }) and interval: None
01:50:11.272777 [info ]: Started downloading schemas
01:50:11.711512 [debug]: Query executed on node unknown:
describe table "AIRSTATS"."RAW"."RUNWAYS"
01:50:11.948777 [info ]: Downloaded AIRSTATS.RAW.runways (schema)
01:50:11.954024 [info ]: Finished downloading schemas [  0.68s]
01:50:12.037789 [info ]: Started building task graph
01:50:12.040122 [info ]: Finished building task graph [  0.00s]
01:50:12.401570 [debug]: Query executed on node unknown:
show terse schemas in database AIRSTATS
    limit 10000
/* {"app": "dbt", "connection_name": "", "dbt_version": "2.0.0", "profile_name": "airstats", "target_name": "dev"} */
01:50:12.406683 [info ]: Started rendering (3 nodes)
01:50:12.407412 [info ]: Started model DEV.src_runways
01:50:12.407765 [debug]: Started rendering model DEV.src_runways
01:50:12.407992 [info ]: Started model DEV.src_airports
01:50:12.408004 [debug]: Started rendering model DEV.src_airports
01:50:12.408057 [info ]: Started model DEV.src_airport_comments
01:50:12.408071 [debug]: Started rendering model DEV.src_airport_comments
01:50:12.416851 [debug]: Compiled SQL for node model.airstats.src_runways at target/compiled/models/bronze/src_runways.sql
01:50:12.416862 [debug]: Compiled SQL for node model.airstats.src_airports at target/compiled/models/bronze/src_airports.sql
01:50:12.416865 [debug]: Compiled SQL for node model.airstats.src_airport_comments at target/compiled/models/bronze/src_airport_comments.sql
01:50:12.417365 [debug]: Finished rendering [  0.01s] model DEV.src_airport_comments [success]
01:50:12.417460 [info ]: Started analyzing (3 nodes)
01:50:12.417511 [debug]: Started analyzing model DEV.src_airport_comments
01:50:12.417566 [debug]: Finished rendering [  0.01s] model DEV.src_airports [success]
01:50:12.417605 [debug]: Started analyzing model DEV.src_airports
01:50:12.417622 [debug]: Finished rendering [  0.01s] model DEV.src_runways [success]
01:50:12.417649 [info ]: Finished rendering [  0.01s] (3 nodes, 0 skipped, 0 errors)
01:50:12.417674 [debug]: Started analyzing model DEV.src_runways
01:50:12.495120 [debug]: Finished analyzing [  0.08s] model DEV.src_airport_comments [success]
01:50:12.495169 [info ]: Started running (3 nodes)
01:50:12.495190 [debug]: Started running model DEV.src_airport_comments
01:50:12.495201 [debug]: Finished analyzing [  0.08s] model DEV.src_runways [success]
01:50:12.495217 [debug]: Started running model DEV.src_runways
01:50:12.495224 [debug]: Finished analyzing [  0.08s] model DEV.src_airports [success]
01:50:12.495235 [info ]: Finished analyzing [  0.08s] (3 nodes, 0 skipped, 0 errors)
01:50:12.495246 [debug]: Started running model DEV.src_airports
01:50:12.930573 [debug]: Query executed on node model.airstats.src_airports:
SHOW OBJECTS IN SCHEMA "AIRSTATS"."DEV" LIMIT 10000
01:50:12.933844 [debug]: Writing runtime sql for node "model.airstats.src_airports"
01:50:12.978550 [debug]: Query executed on node model.airstats.src_airport_comments:
SHOW OBJECTS IN SCHEMA "AIRSTATS"."DEV" LIMIT 10000
01:50:12.980541 [debug]: Writing runtime sql for node "model.airstats.src_airport_comments"
01:50:12.988389 [debug]: Query executed on node model.airstats.src_runways:
SHOW OBJECTS IN SCHEMA "AIRSTATS"."DEV" LIMIT 10000
01:50:12.989978 [debug]: Writing runtime sql for node "model.airstats.src_runways"
01:50:13.164793 [debug]: Query executed on node model.airstats.src_airports:
create or replace   view AIRSTATS.DEV.src_airports
  
  
  
  
  as (
    with source as (

    select *
    from AIRSTATS.RAW.airports

),

renamed as (

    select
        ident as airport_ident,
        type as airport_type,
        name as airport_name,
        latitude_deg as airport_lat,
        longitude_deg as airport_long,
        continent,
        iso_country

    from source

)

select * from renamed
  )
/* {"app": "dbt", "dbt_version": "2.0.0", "node_id": "model.airstats.src_airports", "profile_name": "airstats", "target_name": "dev"} */
01:50:13.169242 [info ]:  Succeeded [  0.76s] model DEV.src_airports (view)
01:50:13.169412 [debug]: Finished running [  0.67s] model DEV.src_airports [success]
01:50:13.223713 [debug]: Query executed on node model.airstats.src_runways:
create or replace   view AIRSTATS.DEV.src_runways
  
  
  
  
  as (
    with source as (

    select *
    from AIRSTATS.RAW.runways

),

renamed as (

    select
        id as runway_id,
        airport_ident,
        length_ft as runway_length_ft,
        width_ft as runway_width_ft,
        surface as runway_surface,
        lighted as runway_lighted,
        closed as runway_closed

    from source

)

select *
from renamed
  )
/* {"app": "dbt", "dbt_version": "2.0.0", "node_id": "model.airstats.src_runways", "profile_name": "airstats", "target_name": "dev"} */
01:50:13.225180 [info ]:  Succeeded [  0.81s] model DEV.src_runways (view)
01:50:13.225282 [debug]: Finished running [  0.73s] model DEV.src_runways [success]
01:50:13.594012 [debug]: Query executed on node model.airstats.src_airport_comments:
create or replace   view AIRSTATS.DEV.src_airport_comments
  
  
  
  
  as (
    with source as (

    select *
    from AIRSTATS.RAW.airport_comments

),

renamed as (

    select
        id as comment_id,
        airport_ident,
        date as comment_timestamp,
        member_nickname,
        subject as comment_subject,
        body as comment_body

    from source

)

select *
from renamed
  )
/* {"app": "dbt", "dbt_version": "2.0.0", "node_id": "model.airstats.src_airport_comments", "profile_name": "airstats", "target_name": "dev"} */
01:50:13.596022 [info ]:  Succeeded [  1.19s] model DEV.src_airport_comments (view)
01:50:13.596153 [debug]: Finished running [  1.10s] model DEV.src_airport_comments [success]
01:50:13.596217 [info ]: Finished running [  1.10s] (3 nodes, 0 skipped, 0 errors)
01:50:13.664275 [info ]: 
==================== Execution Summary =====================
Finished 'run' successfully for target 'dev' [2.6s]
Processed: 3 models
Summary: 3 total | 3 success
==================== 2026-03-24T01:53:41.817441Z | 019d1d8c-37b8-7b73-a330-e775a901497a ====================
01:53:41.817498 [info ]: dbt-fusion 2.0.0-preview.154
01:53:41.817590 [info ]: Started loading project
01:53:41.818147 [info ]: Loading profiles.yml
01:53:41.914711 [debug]:    Started loading packages
01:53:41.915209 [debug]:     Loaded [  0.00s] packages
01:53:41.915543 [info ]: Finished loading project [  0.10s]
01:53:41.915710 [info ]: Started parsing
01:53:41.925855 [debug]: Finished parsing models/sources.yml [  0.00s]
01:53:41.926450 [debug]: Finished parsing models/bronze/src_airport_comments.sql [  0.00s]
01:53:41.926571 [debug]: Finished parsing models/bronze/src_airports.sql [  0.00s]
01:53:41.926677 [debug]: Finished parsing models/bronze/src_runways.sql [  0.00s]
01:53:41.926782 [debug]: Finished parsing models/silver/silver_airports.sql [  0.00s]
01:53:41.927631 [info ]: Finished parsing [  0.01s]
01:53:41.927873 [info ]: Started scheduling
01:53:41.927934 [info ]: Finished scheduling [  0.00s]
01:53:41.928068 [debug]: Initializing schema store with entry: Frontier(CanonicalFqn { catalog: "AIRSTATS", schema: "RAW", table: "AIRPORT_COMMENTS" }) and interval: None
01:53:41.928086 [debug]: Initializing schema store with entry: Frontier(CanonicalFqn { catalog: "AIRSTATS", schema: "RAW", table: "AIRPORTS" }) and interval: None
01:53:41.928094 [debug]: Initializing schema store with entry: Frontier(CanonicalFqn { catalog: "AIRSTATS", schema: "RAW", table: "RUNWAYS" }) and interval: None
01:53:41.970776 [info ]: Started building task graph
01:53:41.970875 [info ]: Finished building task graph [  0.00s]
01:53:42.679368 [debug]: Query executed on node unknown:
show terse schemas in database AIRSTATS
    limit 10000
/* {"app": "dbt", "connection_name": "", "dbt_version": "2.0.0", "profile_name": "airstats", "target_name": "dev"} */
01:53:42.680009 [info ]: Started rendering (4 nodes)
01:53:42.680138 [info ]: Started model DEV.src_runways
01:53:42.680172 [debug]: Started rendering model DEV.src_runways
01:53:42.680217 [info ]: Started model DEV.src_airport_comments
01:53:42.680231 [debug]: Started rendering model DEV.src_airport_comments
01:53:42.680252 [info ]: Started model DEV.src_airports
01:53:42.680266 [debug]: Started rendering model DEV.src_airports
01:53:42.682170 [debug]: Compiled SQL for node model.airstats.src_runways at target/compiled/models/bronze/src_runways.sql
01:53:42.682233 [debug]: Compiled SQL for node model.airstats.src_airport_comments at target/compiled/models/bronze/src_airport_comments.sql
01:53:42.682238 [debug]: Compiled SQL for node model.airstats.src_airports at target/compiled/models/bronze/src_airports.sql
01:53:42.682299 [debug]: Finished rendering [  0.00s] model DEV.src_runways [success]
01:53:42.682413 [info ]: Started analyzing (4 nodes)
01:53:42.682457 [debug]: Started analyzing model DEV.src_runways
01:53:42.682484 [debug]: Finished rendering [  0.00s] model DEV.src_airport_comments [success]
01:53:42.682519 [debug]: Started analyzing model DEV.src_airport_comments
01:53:42.682536 [debug]: Finished rendering [  0.00s] model DEV.src_airports [success]
01:53:42.682563 [debug]: Started analyzing model DEV.src_airports
01:53:42.730960 [debug]: Finished analyzing [  0.05s] model DEV.src_airport_comments [success]
01:53:42.731024 [info ]: Started running (4 nodes)
01:53:42.731049 [debug]: Started running model DEV.src_airport_comments
01:53:42.731062 [debug]: Finished analyzing [  0.05s] model DEV.src_runways [success]
01:53:42.731083 [debug]: Started running model DEV.src_runways
01:53:42.731091 [debug]: Finished analyzing [  0.05s] model DEV.src_airports [success]
01:53:42.731112 [info ]: Started model DEV.silver_airports
01:53:42.731121 [debug]: Started rendering model DEV.silver_airports
01:53:42.731127 [debug]: Started running model DEV.src_airports
01:53:42.731769 [debug]: Compiled SQL for node model.airstats.silver_airports at target/compiled/models/silver/silver_airports.sql
01:53:42.731808 [debug]: Finished rendering [  0.00s] model DEV.silver_airports [success]
01:53:42.731835 [info ]: Finished rendering [  0.05s] (4 nodes, 0 skipped, 0 errors)
01:53:42.731892 [debug]: Started analyzing model DEV.silver_airports
01:53:42.732576 [debug]: Finished analyzing [  0.00s] model DEV.silver_airports [success]
01:53:42.732602 [info ]: Finished analyzing [  0.05s] (4 nodes, 0 skipped, 0 errors)
01:53:43.078345 [debug]: Query executed on node model.airstats.src_airports:
SHOW OBJECTS IN SCHEMA "AIRSTATS"."DEV" LIMIT 10000
01:53:43.080493 [debug]: Writing runtime sql for node "model.airstats.src_airports"
01:53:43.117843 [debug]: Query executed on node model.airstats.src_airport_comments:
SHOW OBJECTS IN SCHEMA "AIRSTATS"."DEV" LIMIT 10000
01:53:43.121417 [debug]: Writing runtime sql for node "model.airstats.src_airport_comments"
01:53:43.124536 [debug]: Query executed on node model.airstats.src_runways:
SHOW OBJECTS IN SCHEMA "AIRSTATS"."DEV" LIMIT 10000
01:53:43.125815 [debug]: Writing runtime sql for node "model.airstats.src_runways"
01:53:43.337875 [debug]: Query executed on node model.airstats.src_runways:
create or replace   view AIRSTATS.DEV.src_runways
  
  
  
  
  as (
    with source as (

    select *
    from AIRSTATS.RAW.runways

),

renamed as (

    select
        id as runway_id,
        airport_ident,
        length_ft as runway_length_ft,
        width_ft as runway_width_ft,
        surface as runway_surface,
        lighted as runway_lighted,
        closed as runway_closed

    from source

)

select *
from renamed
  )
/* {"app": "dbt", "dbt_version": "2.0.0", "node_id": "model.airstats.src_runways", "profile_name": "airstats", "target_name": "dev"} */
01:53:43.340370 [info ]:  Succeeded [  0.66s] model DEV.src_runways (view)
01:53:43.340536 [debug]: Finished running [  0.61s] model DEV.src_runways [success]
01:53:43.440093 [debug]: Query executed on node model.airstats.src_airport_comments:
create or replace   view AIRSTATS.DEV.src_airport_comments
  
  
  
  
  as (
    with source as (

    select *
    from AIRSTATS.RAW.airport_comments

),

renamed as (

    select
        id as comment_id,
        airport_ident,
        date as comment_timestamp,
        member_nickname,
        subject as comment_subject,
        body as comment_body

    from source

)

select *
from renamed
  )
/* {"app": "dbt", "dbt_version": "2.0.0", "node_id": "model.airstats.src_airport_comments", "profile_name": "airstats", "target_name": "dev"} */
01:53:43.441782 [info ]:  Succeeded [  0.76s] model DEV.src_airport_comments (view)
01:53:43.441899 [debug]: Finished running [  0.71s] model DEV.src_airport_comments [success]
01:53:43.462037 [debug]: Query executed on node model.airstats.src_airports:
create or replace   view AIRSTATS.DEV.src_airports
  
  
  
  
  as (
    with source as (

    select *
    from AIRSTATS.RAW.airports

),

renamed as (

    select
        ident as airport_ident,
        type as airport_type,
        name as airport_name,
        latitude_deg as airport_lat,
        longitude_deg as airport_long,
        continent,
        iso_country

    from source

)

select * from renamed
  )
/* {"app": "dbt", "dbt_version": "2.0.0", "node_id": "model.airstats.src_airports", "profile_name": "airstats", "target_name": "dev"} */
01:53:43.463805 [info ]:  Succeeded [  0.78s] model DEV.src_airports (view)
01:53:43.463920 [debug]: Finished running [  0.73s] model DEV.src_airports [success]
01:53:43.464013 [debug]: Started running model DEV.silver_airports
01:53:43.467326 [debug]: Writing runtime sql for node "model.airstats.silver_airports"
01:53:44.025017 [debug]: Query executed on node model.airstats.silver_airports:
create or replace   view AIRSTATS.DEV.silver_airports
  
  
  
  
  as (
    select *
from AIRSTATS.DEV.src_airports
  )
/* {"app": "dbt", "dbt_version": "2.0.0", "node_id": "model.airstats.silver_airports", "profile_name": "airstats", "target_name": "dev"} */
01:53:44.026700 [info ]:  Succeeded [  0.56s] model DEV.silver_airports (view)
01:53:44.026839 [debug]: Finished running [  0.56s] model DEV.silver_airports [success]
01:53:44.026903 [info ]: Finished running [  1.30s] (4 nodes, 0 skipped, 0 errors)
01:53:44.089877 [info ]: 
==================== Execution Summary =====================
Finished 'run' successfully for target 'dev' [2.3s]
Processed: 4 models
Summary: 4 total | 4 success
==================== 2026-03-24T02:00:51.975633Z | 019d1d92-c7fd-77f0-baf2-bafea2690b14 ====================
02:00:51.978302 [info ]: dbt-fusion 2.0.0-preview.154
02:00:51.980552 [info ]: Started loading project
02:00:52.004644 [info ]: Loading profiles.yml
02:00:52.126614 [debug]:    Started loading packages
02:00:52.135334 [debug]:     Loaded [  0.01s] packages
02:00:52.142772 [info ]: Finished loading project [  0.16s]
02:00:52.146554 [info ]: Started parsing
02:00:52.181516 [debug]: Finished parsing models/sources.yml [  0.01s]
02:00:52.195331 [debug]: Finished parsing models/bronze/src_airport_comments.sql [  0.01s]
02:00:52.195487 [debug]: Finished parsing models/bronze/src_airports.sql [  0.00s]
02:00:52.195600 [debug]: Finished parsing models/bronze/src_runways.sql [  0.00s]
02:00:52.197778 [debug]: Finished parsing models/silver/silver_airport_comments.sql [  0.00s]
02:00:52.197905 [debug]: Finished parsing models/silver/silver_airports.sql [  0.00s]
02:00:52.198008 [debug]: Finished parsing models/silver/silver_runways.sql [  0.00s]
02:00:52.207671 [info ]: Finished parsing [  0.06s]
02:00:52.211075 [info ]: Started scheduling
02:00:52.212195 [info ]: Finished scheduling [  0.00s]
02:00:52.218114 [debug]: Initializing schema store with entry: Frontier(CanonicalFqn { catalog: "AIRSTATS", schema: "RAW", table: "AIRPORT_COMMENTS" }) and interval: None
02:00:52.218130 [debug]: Initializing schema store with entry: Frontier(CanonicalFqn { catalog: "AIRSTATS", schema: "RAW", table: "AIRPORTS" }) and interval: None
02:00:52.218138 [debug]: Initializing schema store with entry: Frontier(CanonicalFqn { catalog: "AIRSTATS", schema: "RAW", table: "RUNWAYS" }) and interval: None
02:00:52.222579 [debug]:    Started downloading relations (1 items)
02:00:52.912522 [debug]: Query executed on node unknown:
SHOW OBJECTS IN SCHEMA "AIRSTATS"."DEV" LIMIT 10000
02:00:52.974377 [debug]:   Finished [  0.75s] downloading relations (1 items)
02:00:52.975125 [info ]: Started downloading schemas
02:00:53.398934 [debug]: Query executed on node unknown:
describe table "AIRSTATS"."DEV"."SILVER_AIRPORT_COMMENTS"
02:00:54.514756 [info ]: Finished downloading schemas [  1.54s]
02:00:54.598246 [info ]: Started building task graph
02:00:54.600369 [info ]: Finished building task graph [  0.00s]
02:00:55.086673 [debug]: Query executed on node unknown:
show terse schemas in database AIRSTATS
    limit 10000
/* {"app": "dbt", "connection_name": "", "dbt_version": "2.0.0", "profile_name": "airstats", "target_name": "dev"} */
02:00:55.096327 [info ]: Started rendering (6 nodes)
02:00:55.096868 [info ]: Started model DEV.src_runways
02:00:55.097247 [debug]: Started rendering model DEV.src_runways
02:00:55.097358 [info ]: Started model DEV.src_airports
02:00:55.097370 [debug]: Started rendering model DEV.src_airports
02:00:55.097386 [info ]: Started model DEV.src_airport_comments
02:00:55.097394 [debug]: Started rendering model DEV.src_airport_comments
02:00:55.107238 [debug]: Compiled SQL for node model.airstats.src_runways at target/compiled/models/bronze/src_runways.sql
02:00:55.107233 [debug]: Compiled SQL for node model.airstats.src_airports at target/compiled/models/bronze/src_airports.sql
02:00:55.107240 [debug]: Compiled SQL for node model.airstats.src_airport_comments at target/compiled/models/bronze/src_airport_comments.sql
02:00:55.107766 [debug]: Finished rendering [  0.01s] model DEV.src_airport_comments [success]
02:00:55.107870 [info ]: Started analyzing (6 nodes)
02:00:55.107920 [debug]: Started analyzing model DEV.src_airport_comments
02:00:55.107976 [debug]: Finished rendering [  0.01s] model DEV.src_runways [success]
02:00:55.108015 [debug]: Started analyzing model DEV.src_runways
02:00:55.108034 [debug]: Finished rendering [  0.01s] model DEV.src_airports [success]
02:00:55.108064 [debug]: Started analyzing model DEV.src_airports
02:00:55.204488 [debug]: Finished analyzing [  0.10s] model DEV.src_airports [success]
02:00:55.204534 [info ]: Started model DEV.silver_airports
02:00:55.204542 [debug]: Started rendering model DEV.silver_airports
02:00:55.204553 [info ]: Started running (6 nodes)
02:00:55.204572 [debug]: Started running model DEV.src_airports
02:00:55.204578 [debug]: Finished analyzing [  0.10s] model DEV.src_runways [success]
02:00:55.204608 [info ]: Started model DEV.silver_runways
02:00:55.204611 [debug]: Started rendering model DEV.silver_runways
02:00:55.204615 [debug]: Started running model DEV.src_runways
02:00:55.204620 [debug]: Finished analyzing [  0.10s] model DEV.src_airport_comments [success]
02:00:55.204637 [debug]: Started running model DEV.src_airport_comments
02:00:55.204646 [info ]: Started model DEV.silver_airport_comments
02:00:55.204649 [debug]: Started rendering model DEV.silver_airport_comments
02:00:55.204990 [debug]: Compiled SQL for node model.airstats.silver_airports at target/compiled/models/silver/silver_airports.sql
02:00:55.205013 [debug]: Finished rendering [  0.00s] model DEV.silver_airports [success]
02:00:55.205040 [debug]: Started analyzing model DEV.silver_airports
02:00:55.205048 [debug]: Compiled SQL for node model.airstats.silver_runways at target/compiled/models/silver/silver_runways.sql
02:00:55.205118 [debug]: Finished rendering [  0.00s] model DEV.silver_runways [success]
02:00:55.205166 [debug]: Started analyzing model DEV.silver_runways
02:00:55.205480 [debug]: Finished analyzing [  0.00s] model DEV.silver_airports [success]
02:00:55.217264 [debug]: Compiled SQL for node model.airstats.silver_airport_comments at target/compiled/models/silver/silver_airport_comments.sql
02:00:55.217289 [debug]: Finished rendering [  0.01s] model DEV.silver_airport_comments [success]
02:00:55.217315 [info ]: Finished rendering [  0.12s] (6 nodes, 0 skipped, 0 errors)
02:00:55.217338 [debug]: Started analyzing model DEV.silver_airport_comments
02:00:55.218110 [debug]: Writing runtime sql for node "model.airstats.src_airport_comments"
02:00:55.218194 [debug]: Writing runtime sql for node "model.airstats.src_runways"
02:00:55.218416 [debug]: Writing runtime sql for node "model.airstats.src_airports"
02:00:55.231132 [debug]: Finished analyzing [  0.03s] model DEV.silver_runways [success]
02:00:55.234163 [debug]: Finished analyzing [  0.02s] model DEV.silver_airport_comments [success]
02:00:55.234185 [info ]: Finished analyzing [  0.13s] (6 nodes, 0 skipped, 0 errors)
02:00:55.981103 [debug]: Query executed on node model.airstats.src_airport_comments:
create or replace   view AIRSTATS.DEV.src_airport_comments
  
  
  
  
  as (
    with source as (

    select *
    from AIRSTATS.RAW.airport_comments

),

renamed as (

    select
        id as comment_id,
        airport_ident,
        date as comment_timestamp,
        member_nickname,
        subject as comment_subject,
        body as comment_body

    from source

)

select *
from renamed
  )
/* {"app": "dbt", "dbt_version": "2.0.0", "node_id": "model.airstats.src_airport_comments", "profile_name": "airstats", "target_name": "dev"} */
02:00:55.983305 [info ]:  Succeeded [  0.88s] model DEV.src_airport_comments (view)
02:00:55.983385 [debug]: Finished running [  0.78s] model DEV.src_airport_comments [success]
02:00:55.983434 [debug]: Started running model DEV.silver_airport_comments
02:00:55.984701 [debug]: Invalid value for on_schema_change (None) specified. Setting default value of ignore.
02:00:55.985709 [debug]: Writing runtime sql for node "model.airstats.silver_airport_comments"
02:00:56.052950 [debug]: Query executed on node model.airstats.src_runways:
create or replace   view AIRSTATS.DEV.src_runways
  
  
  
  
  as (
    with source as (

    select *
    from AIRSTATS.RAW.runways

),

renamed as (

    select
        id as runway_id,
        airport_ident,
        length_ft as runway_length_ft,
        width_ft as runway_width_ft,
        surface as runway_surface,
        lighted as runway_lighted,
        closed as runway_closed

    from source

)

select *
from renamed
  )
/* {"app": "dbt", "dbt_version": "2.0.0", "node_id": "model.airstats.src_runways", "profile_name": "airstats", "target_name": "dev"} */
02:00:56.054565 [info ]:  Succeeded [  0.95s] model DEV.src_runways (view)
02:00:56.054671 [debug]: Finished running [  0.85s] model DEV.src_runways [success]
02:00:56.054747 [debug]: Started running model DEV.silver_runways
02:00:56.056925 [debug]: Writing runtime sql for node "model.airstats.silver_runways"
02:00:56.348513 [debug]: Query executed on node model.airstats.src_airports:
create or replace   view AIRSTATS.DEV.src_airports
  
  
  
  
  as (
    with source as (

    select *
    from AIRSTATS.RAW.airports

),

renamed as (

    select
        ident as airport_ident,
        type as airport_type,
        name as airport_name,
        latitude_deg as airport_lat,
        longitude_deg as airport_long,
        continent,
        iso_country

    from source

)

select * from renamed
  )
/* {"app": "dbt", "dbt_version": "2.0.0", "node_id": "model.airstats.src_airports", "profile_name": "airstats", "target_name": "dev"} */
02:00:56.350225 [info ]:  Succeeded [  1.25s] model DEV.src_airports (view)
02:00:56.350352 [debug]: Finished running [  1.15s] model DEV.src_airports [success]
02:00:56.350421 [debug]: Started running model DEV.silver_airports
02:00:56.352699 [debug]: Writing runtime sql for node "model.airstats.silver_airports"
02:00:56.756581 [debug]: Query executed on node model.airstats.silver_runways:
create or replace   view AIRSTATS.DEV.silver_runways
  
  
  
  
  as (
    with source as (

    select *
    from AIRSTATS.DEV.src_runways

),

cleaned as (

    select
        runway_id,
        airport_ident,
        runway_length_ft,
        runway_width_ft,
        coalesce(nullif(runway_surface, ''), '__UNKNOWN__') as runway_surface,
        runway_lighted,
        runway_closed

    from source

)

select *
from cleaned
  )
/* {"app": "dbt", "dbt_version": "2.0.0", "node_id": "model.airstats.silver_runways", "profile_name": "airstats", "target_name": "dev"} */
02:00:56.758272 [info ]:  Succeeded [  0.73s] model DEV.silver_runways (view)
02:00:56.758389 [debug]: Finished running [  0.70s] model DEV.silver_runways [success]
02:00:56.832315 [debug]: Query executed on node model.airstats.silver_airports:
create or replace   view AIRSTATS.DEV.silver_airports
  
  
  
  
  as (
    select *
from AIRSTATS.DEV.src_airports
  )
/* {"app": "dbt", "dbt_version": "2.0.0", "node_id": "model.airstats.silver_airports", "profile_name": "airstats", "target_name": "dev"} */
02:00:56.833944 [info ]:  Succeeded [  0.48s] model DEV.silver_airports (view)
02:00:56.834059 [debug]: Finished running [  0.48s] model DEV.silver_airports [success]
02:00:58.043387 [debug]: Query executed on node model.airstats.silver_airport_comments:
create or replace transient  table AIRSTATS.DEV.silver_airport_comments
    
    
    
    as (

with source as (

    select *
    from AIRSTATS.DEV.src_airport_comments

),

cleaned as (

    select
        comment_id,
        airport_ident,
        comment_timestamp,
        coalesce(member_nickname, '__UNKNOWN__') as member_nickname,
        comment_subject,
        comment_body

    from source

    where comment_body is not null
      and comment_body != ''

)

select
    *,
    current_timestamp() as loaded_at
from cleaned


    )

/* {"app": "dbt", "dbt_version": "2.0.0", "node_id": "model.airstats.silver_airport_comments", "profile_name": "airstats", "target_name": "dev"} */
02:00:58.044670 [debug]: Applying DROP to: AIRSTATS.DEV.silver_airport_comments__dbt_tmp
02:00:58.198274 [debug]: Query executed on node model.airstats.silver_airport_comments:
drop view if exists AIRSTATS.DEV.silver_airport_comments__dbt_tmp cascade
/* {"app": "dbt", "dbt_version": "2.0.0", "node_id": "model.airstats.silver_airport_comments", "profile_name": "airstats", "target_name": "dev"} */
02:00:58.200031 [info ]:  Succeeded [  2.24s] model DEV.silver_airport_comments (incremental)
02:00:58.200167 [debug]: Finished running [  2.22s] model DEV.silver_airport_comments [success]
02:00:58.200209 [info ]: Finished running [  3.00s] (6 nodes, 0 skipped, 0 errors)
02:00:58.266631 [info ]: 
==================== Execution Summary =====================
Finished 'run' successfully for target 'dev' [6.3s]
Processed: 6 models
Summary: 6 total | 6 success
==================== 2026-03-24T02:03:23.667515Z | 019d1d95-1892-79d1-999d-2802416f227d ====================
02:03:23.667559 [info ]: dbt-fusion 2.0.0-preview.154
02:03:23.667638 [info ]: Started loading project
02:03:23.668063 [info ]: Loading profiles.yml
02:03:23.762093 [debug]:    Started loading packages
02:03:23.762542 [debug]:     Loaded [  0.00s] packages
02:03:23.762849 [info ]: Finished loading project [  0.10s]
02:03:23.763005 [info ]: Started parsing
02:03:23.773184 [debug]: Finished parsing models/sources.yml [  0.00s]
02:03:23.773773 [debug]: Finished parsing models/bronze/src_airport_comments.sql [  0.00s]
02:03:23.773894 [debug]: Finished parsing models/bronze/src_airports.sql [  0.00s]
02:03:23.773997 [debug]: Finished parsing models/bronze/src_runways.sql [  0.00s]
02:03:23.774201 [debug]: Finished parsing models/silver/silver_airport_comments.sql [  0.00s]
02:03:23.774298 [debug]: Finished parsing models/silver/silver_airports.sql [  0.00s]
02:03:23.774396 [debug]: Finished parsing models/silver/silver_runways.sql [  0.00s]
02:03:23.775664 [info ]: Finished parsing [  0.01s]
02:03:23.775895 [info ]: Started scheduling
02:03:23.776566 [info ]: Finished scheduling [  0.00s]
02:03:23.776689 [debug]: Initializing schema store with entry: Frontier(CanonicalFqn { catalog: "AIRSTATS", schema: "DEV", table: "SRC_AIRPORT_COMMENTS" }) and interval: None
02:03:23.776954 [debug]:    Started downloading relations (1 items)
02:03:24.326713 [debug]: Query executed on node unknown:
SHOW OBJECTS IN SCHEMA "AIRSTATS"."DEV" LIMIT 10000
02:03:24.557738 [debug]:   Finished [  0.78s] downloading relations (1 items)
02:03:24.557894 [info ]: Started downloading schemas
02:03:24.906666 [debug]: Query executed on node unknown:
describe table "AIRSTATS"."DEV"."SRC_AIRPORT_COMMENTS"
02:03:24.922139 [debug]: Query executed on node unknown:
describe table "AIRSTATS"."DEV"."SILVER_AIRPORT_COMMENTS"
02:03:25.078729 [info ]: Downloaded AIRSTATS.DEV.silver_airport_comments (schema)
02:03:25.080326 [info ]: Downloaded AIRSTATS.DEV.src_airport_comments (schema)
02:03:25.081106 [info ]: Finished downloading schemas [  0.52s]
02:03:25.150328 [info ]: Started building task graph
02:03:25.150396 [info ]: Finished building task graph [  0.00s]
02:03:25.768308 [debug]: Query executed on node unknown:
show terse schemas in database AIRSTATS
    limit 10000
/* {"app": "dbt", "connection_name": "", "dbt_version": "2.0.0", "profile_name": "airstats", "target_name": "dev"} */
02:03:25.768902 [info ]: Started rendering (1 nodes)
02:03:25.769038 [info ]: Started model DEV.silver_airport_comments
02:03:25.769078 [debug]: Started rendering model DEV.silver_airport_comments
02:03:25.771653 [debug]: Compiled SQL for node model.airstats.silver_airport_comments at target/compiled/models/silver/silver_airport_comments.sql
02:03:25.771760 [debug]: Finished rendering [  0.00s] model DEV.silver_airport_comments [success]
02:03:25.771836 [info ]: Finished rendering [  0.00s] (1 nodes, 0 skipped, 0 errors)
02:03:25.771881 [info ]: Started analyzing (1 nodes)
02:03:25.771928 [debug]: Started analyzing model DEV.silver_airport_comments
02:03:25.834289 [debug]: Finished analyzing [  0.06s] model DEV.silver_airport_comments [success]
02:03:25.834330 [info ]: Finished analyzing [  0.06s] (1 nodes, 0 skipped, 0 errors)
02:03:25.834350 [info ]: Started running (1 nodes)
02:03:25.834387 [debug]: Started running model DEV.silver_airport_comments
02:03:25.835171 [debug]: Invalid value for on_schema_change (None) specified. Setting default value of ignore.
02:03:26.721741 [debug]: Query executed on node model.airstats.silver_airport_comments:
create or replace  temporary view AIRSTATS.DEV.silver_airport_comments__dbt_tmp
  
  
  
  
  as (
    

with source as (

    select *
    from AIRSTATS.DEV.src_airport_comments

),

cleaned as (

    select
        comment_id,
        airport_ident,
        comment_timestamp,
        coalesce(member_nickname, '__UNKNOWN__') as member_nickname,
        comment_subject,
        comment_body

    from source

    where comment_body is not null
      and comment_body != ''

)

select
    *,
    current_timestamp() as loaded_at
from cleaned


where comment_id > (select max(comment_id) from AIRSTATS.DEV.silver_airport_comments)

  )
/* {"app": "dbt", "dbt_version": "2.0.0", "node_id": "model.airstats.silver_airport_comments", "profile_name": "airstats", "target_name": "dev"} */
02:03:26.819287 [debug]: Query executed on node model.airstats.silver_airport_comments:
describe table AIRSTATS.DEV.silver_airport_comments__dbt_tmp
/* {"app": "dbt", "dbt_version": "2.0.0", "node_id": "model.airstats.silver_airport_comments", "profile_name": "airstats", "target_name": "dev"} */
02:03:26.922151 [debug]: Query executed on node model.airstats.silver_airport_comments:
describe table AIRSTATS.DEV.silver_airport_comments
/* {"app": "dbt", "dbt_version": "2.0.0", "node_id": "model.airstats.silver_airport_comments", "profile_name": "airstats", "target_name": "dev"} */
02:03:27.028022 [debug]: Query executed on node model.airstats.silver_airport_comments:
describe table "AIRSTATS"."DEV"."SILVER_AIRPORT_COMMENTS"
/* {"app": "dbt", "dbt_version": "2.0.0", "node_id": "model.airstats.silver_airport_comments", "profile_name": "airstats", "target_name": "dev"} */
02:03:27.034067 [debug]: Writing runtime sql for node "model.airstats.silver_airport_comments"
02:03:27.137704 [debug]: Query executed on node model.airstats.silver_airport_comments:
-- back compat for old kwarg name
  
  begin
/* {"app": "dbt", "dbt_version": "2.0.0", "node_id": "model.airstats.silver_airport_comments", "profile_name": "airstats", "target_name": "dev"} */
02:03:28.139776 [debug]: Query executed on node model.airstats.silver_airport_comments:

    
        
            
	    
	    
            
        
    

    

    merge into AIRSTATS.DEV.silver_airport_comments as DBT_INTERNAL_DEST
        using AIRSTATS.DEV.silver_airport_comments__dbt_tmp as DBT_INTERNAL_SOURCE
        on ((DBT_INTERNAL_SOURCE.comment_id = DBT_INTERNAL_DEST.comment_id))

    
    when matched then update set
        "COMMENT_ID" = DBT_INTERNAL_SOURCE."COMMENT_ID","AIRPORT_IDENT" = DBT_INTERNAL_SOURCE."AIRPORT_IDENT","COMMENT_TIMESTAMP" = DBT_INTERNAL_SOURCE."COMMENT_TIMESTAMP","MEMBER_NICKNAME" = DBT_INTERNAL_SOURCE."MEMBER_NICKNAME","COMMENT_SUBJECT" = DBT_INTERNAL_SOURCE."COMMENT_SUBJECT","COMMENT_BODY" = DBT_INTERNAL_SOURCE."COMMENT_BODY","LOADED_AT" = DBT_INTERNAL_SOURCE."LOADED_AT"
    

    when not matched then insert
        ("COMMENT_ID", "AIRPORT_IDENT", "COMMENT_TIMESTAMP", "MEMBER_NICKNAME", "COMMENT_SUBJECT", "COMMENT_BODY", "LOADED_AT")
    values
        ("COMMENT_ID", "AIRPORT_IDENT", "COMMENT_TIMESTAMP", "MEMBER_NICKNAME", "COMMENT_SUBJECT", "COMMENT_BODY", "LOADED_AT")


/* {"app": "dbt", "dbt_version": "2.0.0", "node_id": "model.airstats.silver_airport_comments", "profile_name": "airstats", "target_name": "dev"} */
02:03:28.376112 [debug]: Query executed on node model.airstats.silver_airport_comments:

    commit
/* {"app": "dbt", "dbt_version": "2.0.0", "node_id": "model.airstats.silver_airport_comments", "profile_name": "airstats", "target_name": "dev"} */
02:03:28.377239 [debug]: Applying DROP to: AIRSTATS.DEV.silver_airport_comments__dbt_tmp
02:03:28.546152 [debug]: Query executed on node model.airstats.silver_airport_comments:
drop view if exists AIRSTATS.DEV.silver_airport_comments__dbt_tmp cascade
/* {"app": "dbt", "dbt_version": "2.0.0", "node_id": "model.airstats.silver_airport_comments", "profile_name": "airstats", "target_name": "dev"} */
02:03:28.548087 [info ]:  Succeeded [  2.78s] model DEV.silver_airport_comments (incremental)
02:03:28.548228 [debug]: Finished running [  2.71s] model DEV.silver_airport_comments [success]
02:03:28.548292 [info ]: Finished running [  2.71s] (1 nodes, 0 skipped, 0 errors)
02:03:28.608159 [info ]: 
==================== Execution Summary =====================
Finished 'run' successfully for target 'dev' [4.9s]
Processed: 1 model
Summary: 1 total | 1 success
==================== 2026-03-24T02:07:40.357708Z | 019d1d99-0345-7e52-b54f-2acf7de68726 ====================
02:07:40.357754 [info ]: dbt-fusion 2.0.0-preview.154
02:07:40.357826 [info ]: Started loading project
02:07:40.358221 [info ]: Loading profiles.yml
02:07:40.449376 [debug]:    Started loading packages
02:07:40.449838 [debug]:     Loaded [  0.00s] packages
02:07:40.450226 [info ]: Finished loading project [  0.09s]
02:07:40.450397 [info ]: Started parsing
02:07:40.460778 [debug]: Finished parsing models/sources.yml [  0.00s]
02:07:40.461393 [debug]: Finished parsing models/bronze/src_airport_comments.sql [  0.00s]
02:07:40.461519 [debug]: Finished parsing models/bronze/src_airports.sql [  0.00s]
02:07:40.461623 [debug]: Finished parsing models/bronze/src_runways.sql [  0.00s]
02:07:40.461829 [debug]: Finished parsing models/silver/silver_airport_comments.sql [  0.00s]
02:07:40.461926 [debug]: Finished parsing models/silver/silver_airports.sql [  0.00s]
02:07:40.462024 [debug]: Finished parsing models/silver/silver_runways.sql [  0.00s]
02:07:40.463397 [info ]: Finished parsing [  0.01s]
02:07:40.463629 [info ]: Started scheduling
02:07:40.463688 [info ]: Finished scheduling [  0.00s]
02:07:40.464280 [warn ]: dbt1600: The selection criterion 'fqn:scd_silver_airports' does not match any enabled nodes
02:07:40.464304 [warn ]: dbt1601: Nothing to do. Try checking your model configs and model specification args
02:07:41.023729 [info ]: 
==================== Execution Summary =====================
Finished 'snapshot' with 2 warnings for target 'dev' [666ms]
==================== 2026-03-24T02:10:46.640448Z | 019d1d9b-daef-7eb2-8433-7df955e17f11 ====================
02:10:46.640491 [info ]: dbt-fusion 2.0.0-preview.154
02:10:46.640569 [info ]: Started loading project
02:10:46.640956 [info ]: Loading profiles.yml
02:10:46.732521 [debug]:    Started loading packages
02:10:46.733216 [debug]:     Loaded [  0.00s] packages
02:10:46.733605 [info ]: Finished loading project [  0.09s]
02:10:46.733774 [info ]: Started parsing
02:10:46.743770 [debug]: Finished parsing models/sources.yml [  0.00s]
02:10:46.745184 [debug]: Finished parsing target/snapshots/scd_silver_airports.sql [  0.00s]
02:10:46.745563 [debug]: Finished parsing models/bronze/src_airport_comments.sql [  0.00s]
02:10:46.745680 [debug]: Finished parsing models/bronze/src_airports.sql [  0.00s]
02:10:46.745785 [debug]: Finished parsing models/bronze/src_runways.sql [  0.00s]
02:10:46.746024 [debug]: Finished parsing models/silver/silver_airport_comments.sql [  0.00s]
02:10:46.746136 [debug]: Finished parsing models/silver/silver_airports.sql [  0.00s]
02:10:46.746235 [debug]: Finished parsing models/silver/silver_runways.sql [  0.00s]
02:10:46.747559 [info ]: Finished parsing [  0.01s]
02:10:46.747758 [info ]: Started scheduling
02:10:46.747831 [info ]: Finished scheduling [  0.00s]
02:10:46.747945 [debug]: Initializing schema store with entry: Selected("snapshot.airstats.scd_silver_airports") and interval: None
02:10:46.747959 [debug]: Initializing schema store with entry: Frontier(CanonicalFqn { catalog: "AIRSTATS", schema: "DEV", table: "SILVER_AIRPORTS" }) and interval: None
02:10:46.748215 [info ]: Started downloading schemas
02:10:47.110009 [debug]: Query executed on node unknown:
describe table "AIRSTATS"."DEV"."SILVER_AIRPORTS"
02:10:47.119272 [debug]: Query executed on node unknown:
describe table "AIRSTATS"."SNAPSHOTS"."SCD_SILVER_AIRPORTS"
02:10:48.228169 [info ]: Downloaded AIRSTATS.DEV.silver_airports (schema)
02:10:48.229835 [info ]: Finished downloading schemas [  1.48s]
02:10:48.300462 [info ]: Started building task graph
02:10:48.300548 [info ]: Finished building task graph [  0.00s]
02:10:48.703275 [debug]: Query executed on node unknown:
show terse schemas in database AIRSTATS
    limit 10000
/* {"app": "dbt", "connection_name": "", "dbt_version": "2.0.0", "profile_name": "airstats", "target_name": "dev"} */
02:10:48.887568 [debug]: Query executed on node unknown:
create schema if not exists AIRSTATS.snapshots
/* {"app": "dbt", "connection_name": "", "dbt_version": "2.0.0", "profile_name": "airstats", "target_name": "dev"} */
02:10:48.888097 [info ]: Started rendering (1 nodes)
02:10:48.888278 [info ]: Started snapshot snapshots.scd_silver_airports
02:10:48.888336 [debug]: Started rendering snapshot snapshots.scd_silver_airports
02:10:48.891098 [debug]: Compiled SQL for node snapshot.airstats.scd_silver_airports at target/compiled/snapshots/scd_silver_airports.sql
02:10:48.891193 [debug]: Finished rendering [  0.00s] snapshot snapshots.scd_silver_airports [success]
02:10:48.891273 [info ]: Finished rendering [  0.00s] (1 nodes, 0 skipped, 0 errors)
02:10:48.891330 [info ]: Started analyzing (1 nodes)
02:10:48.891378 [debug]: Started analyzing snapshot snapshots.scd_silver_airports
02:10:48.927554 [debug]: Finished analyzing [  0.04s] snapshot snapshots.scd_silver_airports [success]
02:10:48.927599 [info ]: Finished analyzing [  0.04s] (1 nodes, 0 skipped, 0 errors)
02:10:48.927628 [info ]: Started running (1 nodes)
02:10:48.927653 [debug]: Started running snapshot snapshots.scd_silver_airports
02:10:49.297188 [debug]: Query executed on node snapshot.airstats.scd_silver_airports:
SHOW OBJECTS IN SCHEMA "AIRSTATS"."SNAPSHOTS" LIMIT 10000
02:10:50.176906 [debug]: Query executed on node snapshot.airstats.scd_silver_airports:
select * from (
        
    

    select *,
        md5(coalesce(cast(airport_ident as varchar ), '')
         || '|' || coalesce(cast(to_timestamp_ntz(convert_timezone('UTC', current_timestamp())) as varchar ), '')
        ) as dbt_scd_id,
        to_timestamp_ntz(convert_timezone('UTC', current_timestamp())) as dbt_updated_at,
        to_timestamp_ntz(convert_timezone('UTC', current_timestamp())) as dbt_valid_from,
        
  
  coalesce(nullif(to_timestamp_ntz(convert_timezone('UTC', current_timestamp())), to_timestamp_ntz(convert_timezone('UTC', current_timestamp()))), null)
  as dbt_valid_to
from (
        



select *
from AIRSTATS.DEV.silver_airports


    ) sbq



    ) as __dbt_sbq
    where false
    limit 0

/* {"app": "dbt", "dbt_version": "2.0.0", "node_id": "snapshot.airstats.scd_silver_airports", "profile_name": "airstats", "target_name": "dev"} */
02:10:50.325178 [debug]: Query executed on node snapshot.airstats.scd_silver_airports:
select * from (
        select to_timestamp_ntz(convert_timezone('UTC', current_timestamp())) as dbt_snapshot_time
    ) as __dbt_sbq
    where false
    limit 0

/* {"app": "dbt", "dbt_version": "2.0.0", "node_id": "snapshot.airstats.scd_silver_airports", "profile_name": "airstats", "target_name": "dev"} */
02:10:50.326697 [debug]: Writing runtime sql for node "snapshot.airstats.scd_silver_airports"
02:10:52.148191 [debug]: Query executed on node snapshot.airstats.scd_silver_airports:
create or replace transient  table AIRSTATS.snapshots.scd_silver_airports
    
    
    
    as (
    

    select *,
        md5(coalesce(cast(airport_ident as varchar ), '')
         || '|' || coalesce(cast(to_timestamp_ntz(convert_timezone('UTC', current_timestamp())) as varchar ), '')
        ) as dbt_scd_id,
        to_timestamp_ntz(convert_timezone('UTC', current_timestamp())) as dbt_updated_at,
        to_timestamp_ntz(convert_timezone('UTC', current_timestamp())) as dbt_valid_from,
        
  
  coalesce(nullif(to_timestamp_ntz(convert_timezone('UTC', current_timestamp())), to_timestamp_ntz(convert_timezone('UTC', current_timestamp()))), null)
  as dbt_valid_to
from (
        



select *
from AIRSTATS.DEV.silver_airports


    ) sbq



    )

/* {"app": "dbt", "dbt_version": "2.0.0", "node_id": "snapshot.airstats.scd_silver_airports", "profile_name": "airstats", "target_name": "dev"} */
02:10:52.151745 [info ]:  Succeeded [  3.26s] snapshot snapshots.scd_silver_airports (table)
02:10:52.151898 [debug]: Finished running [  3.22s] snapshot snapshots.scd_silver_airports [success]
02:10:52.151953 [info ]: Finished running [  3.22s] (1 nodes, 0 skipped, 0 errors)
02:10:52.206041 [info ]: 
==================== Execution Summary =====================
Finished 'snapshot' successfully for target 'dev' [5.6s]
Processed: 1 snapshot
Summary: 1 total | 1 success
==================== 2026-03-24T02:11:44.789521Z | 019d1d9c-be14-7513-bc0b-0fb88bab7899 ====================
02:11:44.789565 [info ]: dbt-fusion 2.0.0-preview.154
02:11:44.789641 [info ]: Started loading project
02:11:44.790047 [info ]: Loading profiles.yml
02:11:44.883197 [debug]:    Started loading packages
02:11:44.883740 [debug]:     Loaded [  0.00s] packages
02:11:44.884071 [info ]: Finished loading project [  0.09s]
02:11:44.884222 [info ]: Started parsing
02:11:44.894372 [debug]: Finished parsing models/sources.yml [  0.00s]
02:11:44.895131 [debug]: Finished parsing target/snapshots/scd_silver_airports.sql [  0.00s]
02:11:44.895482 [debug]: Finished parsing models/bronze/src_airport_comments.sql [  0.00s]
02:11:44.895599 [debug]: Finished parsing models/bronze/src_airports.sql [  0.00s]
02:11:44.895706 [debug]: Finished parsing models/bronze/src_runways.sql [  0.00s]
02:11:44.895888 [debug]: Finished parsing models/silver/silver_airport_comments.sql [  0.00s]
02:11:44.895990 [debug]: Finished parsing models/silver/silver_airports.sql [  0.00s]
02:11:44.896085 [debug]: Finished parsing models/silver/silver_runways.sql [  0.00s]
02:11:44.897466 [info ]: Finished parsing [  0.01s]
02:11:44.897649 [info ]: Started scheduling
02:11:44.897713 [info ]: Finished scheduling [  0.00s]
02:11:44.897826 [debug]: Initializing schema store with entry: Frontier(CanonicalFqn { catalog: "AIRSTATS", schema: "DEV", table: "SRC_AIRPORTS" }) and interval: None
02:11:44.898072 [info ]: Started downloading schemas
02:11:45.365672 [debug]: Query executed on node unknown:
describe table "AIRSTATS"."DEV"."SRC_AIRPORTS"
02:11:45.591002 [info ]: Downloaded AIRSTATS.DEV.src_airports (schema)
02:11:45.592755 [info ]: Finished downloading schemas [  0.69s]
02:11:45.663845 [info ]: Started building task graph
02:11:45.663916 [info ]: Finished building task graph [  0.00s]
02:11:45.984868 [debug]: Query executed on node unknown:
show terse schemas in database AIRSTATS
    limit 10000
/* {"app": "dbt", "connection_name": "", "dbt_version": "2.0.0", "profile_name": "airstats", "target_name": "dev"} */
02:11:45.985431 [info ]: Started rendering (1 nodes)
02:11:45.985555 [info ]: Started model DEV.silver_airports
02:11:45.985589 [debug]: Started rendering model DEV.silver_airports
02:11:45.987369 [debug]: Compiled SQL for node model.airstats.silver_airports at target/compiled/models/silver/silver_airports.sql
02:11:45.987450 [debug]: Finished rendering [  0.00s] model DEV.silver_airports [success]
02:11:45.987520 [info ]: Finished rendering [  0.00s] (1 nodes, 0 skipped, 0 errors)
02:11:45.987562 [info ]: Started analyzing (1 nodes)
02:11:45.987600 [debug]: Started analyzing model DEV.silver_airports
02:11:46.023253 [debug]: Finished analyzing [  0.04s] model DEV.silver_airports [success]
02:11:46.023307 [info ]: Finished analyzing [  0.04s] (1 nodes, 0 skipped, 0 errors)
02:11:46.023335 [info ]: Started running (1 nodes)
02:11:46.023360 [debug]: Started running model DEV.silver_airports
02:11:46.336126 [debug]: Query executed on node model.airstats.silver_airports:
SHOW OBJECTS IN SCHEMA "AIRSTATS"."DEV" LIMIT 10000
02:11:46.338250 [debug]: Writing runtime sql for node "model.airstats.silver_airports"
02:11:46.623845 [debug]: Query executed on node model.airstats.silver_airports:
create or replace   view AIRSTATS.DEV.silver_airports
  
  
  
  
  as (
    select *
from AIRSTATS.DEV.src_airports
  )
/* {"app": "dbt", "dbt_version": "2.0.0", "node_id": "model.airstats.silver_airports", "profile_name": "airstats", "target_name": "dev"} */
02:11:46.625767 [info ]:  Succeeded [  0.64s] model DEV.silver_airports (view)
02:11:46.625890 [debug]: Finished running [  0.60s] model DEV.silver_airports [success]
02:11:46.625940 [info ]: Finished running [  0.60s] (1 nodes, 0 skipped, 0 errors)
02:11:46.678714 [info ]: 
==================== Execution Summary =====================
Finished 'run' successfully for target 'dev' [1.9s]
Processed: 1 model
Summary: 1 total | 1 success
==================== 2026-03-24T02:11:58.022489Z | 019d1d9c-f1c5-71b2-b108-358130bbcefe ====================
02:11:58.022531 [info ]: dbt-fusion 2.0.0-preview.154
02:11:58.022605 [info ]: Started loading project
02:11:58.023000 [info ]: Loading profiles.yml
02:11:58.115735 [debug]:    Started loading packages
02:11:58.116229 [debug]:     Loaded [  0.00s] packages
02:11:58.116730 [info ]: Finished loading project [  0.09s]
02:11:58.116912 [info ]: Started parsing
02:11:58.127212 [debug]: Finished parsing models/sources.yml [  0.00s]
02:11:58.127979 [debug]: Finished parsing target/snapshots/scd_silver_airports.sql [  0.00s]
02:11:58.128330 [debug]: Finished parsing models/bronze/src_airport_comments.sql [  0.00s]
02:11:58.128438 [debug]: Finished parsing models/bronze/src_airports.sql [  0.00s]
02:11:58.128540 [debug]: Finished parsing models/bronze/src_runways.sql [  0.00s]
02:11:58.128723 [debug]: Finished parsing models/silver/silver_airport_comments.sql [  0.00s]
02:11:58.128820 [debug]: Finished parsing models/silver/silver_airports.sql [  0.00s]
02:11:58.128917 [debug]: Finished parsing models/silver/silver_runways.sql [  0.00s]
02:11:58.130211 [info ]: Finished parsing [  0.01s]
02:11:58.130381 [info ]: Started scheduling
02:11:58.130452 [info ]: Finished scheduling [  0.00s]
02:11:58.130559 [debug]: Initializing schema store with entry: Selected("snapshot.airstats.scd_silver_airports") and interval: None
02:11:58.130576 [debug]: Initializing schema store with entry: Frontier(CanonicalFqn { catalog: "AIRSTATS", schema: "DEV", table: "SILVER_AIRPORTS" }) and interval: None
02:11:58.172818 [info ]: Started building task graph
02:11:58.172886 [info ]: Finished building task graph [  0.00s]
02:11:58.585132 [debug]: Query executed on node unknown:
show terse schemas in database AIRSTATS
    limit 10000
/* {"app": "dbt", "connection_name": "", "dbt_version": "2.0.0", "profile_name": "airstats", "target_name": "dev"} */
02:11:58.585768 [info ]: Started rendering (1 nodes)
02:11:58.585894 [info ]: Started snapshot snapshots.scd_silver_airports
02:11:58.585928 [debug]: Started rendering snapshot snapshots.scd_silver_airports
02:11:58.587954 [debug]: Compiled SQL for node snapshot.airstats.scd_silver_airports at target/compiled/snapshots/scd_silver_airports.sql
02:11:58.588066 [debug]: Finished rendering [  0.00s] snapshot snapshots.scd_silver_airports [success]
02:11:58.588164 [info ]: Finished rendering [  0.00s] (1 nodes, 0 skipped, 0 errors)
02:11:58.588224 [info ]: Started analyzing (1 nodes)
02:11:58.588274 [debug]: Started analyzing snapshot snapshots.scd_silver_airports
02:11:58.628329 [debug]: Finished analyzing [  0.04s] snapshot snapshots.scd_silver_airports [success]
02:11:58.628397 [info ]: Finished analyzing [  0.04s] (1 nodes, 0 skipped, 0 errors)
02:11:58.628438 [info ]: Started running (1 nodes)
02:11:58.628473 [debug]: Started running snapshot snapshots.scd_silver_airports
02:11:59.026468 [debug]: Query executed on node snapshot.airstats.scd_silver_airports:
SHOW OBJECTS IN SCHEMA "AIRSTATS"."SNAPSHOTS" LIMIT 10000
02:11:59.551048 [debug]: Query executed on node snapshot.airstats.scd_silver_airports:
select * from (
        



select *
from AIRSTATS.DEV.silver_airports


    ) as __dbt_sbq
    where false
    limit 0
/* {"app": "dbt", "dbt_version": "2.0.0", "node_id": "snapshot.airstats.scd_silver_airports", "profile_name": "airstats", "target_name": "dev"} */
02:11:59.646309 [debug]: Query executed on node snapshot.airstats.scd_silver_airports:
describe table "AIRSTATS"."SNAPSHOTS"."SCD_SILVER_AIRPORTS"
/* {"app": "dbt", "dbt_version": "2.0.0", "node_id": "snapshot.airstats.scd_silver_airports", "profile_name": "airstats", "target_name": "dev"} */
02:11:59.761986 [debug]: Query executed on node snapshot.airstats.scd_silver_airports:
describe table "AIRSTATS"."SNAPSHOTS"."SCD_SILVER_AIRPORTS"
/* {"app": "dbt", "dbt_version": "2.0.0", "node_id": "snapshot.airstats.scd_silver_airports", "profile_name": "airstats", "target_name": "dev"} */
02:12:01.704642 [debug]: Query executed on node snapshot.airstats.scd_silver_airports:
create or replace temporary table "AIRSTATS"."SNAPSHOTS"."SCD_SILVER_AIRPORTS__dbt_tmp"
as (
    
    
    with snapshot_query as (

        



select *
from AIRSTATS.DEV.silver_airports



    ),

    snapshotted_data as (

        select *, 
    
        airport_ident as dbt_unique_key
    

        from "AIRSTATS"."SNAPSHOTS"."SCD_SILVER_AIRPORTS"
        where
            
                dbt_valid_to is null
            

    ),

    insertions_source_data as (

        select *, 
    
        airport_ident as dbt_unique_key
    
,
            to_timestamp_ntz(convert_timezone('UTC', current_timestamp())) as dbt_updated_at,
            to_timestamp_ntz(convert_timezone('UTC', current_timestamp())) as dbt_valid_from,
            
  
  coalesce(nullif(to_timestamp_ntz(convert_timezone('UTC', current_timestamp())), to_timestamp_ntz(convert_timezone('UTC', current_timestamp()))), null)
  as dbt_valid_to
,
            md5(coalesce(cast(airport_ident as varchar ), '')
         || '|' || coalesce(cast(to_timestamp_ntz(convert_timezone('UTC', current_timestamp())) as varchar ), '')
        ) as dbt_scd_id

        from snapshot_query
    ),

    updates_source_data as (

        select *, 
    
        airport_ident as dbt_unique_key
    
,
            to_timestamp_ntz(convert_timezone('UTC', current_timestamp())) as dbt_updated_at,
            to_timestamp_ntz(convert_timezone('UTC', current_timestamp())) as dbt_valid_from,
            to_timestamp_ntz(convert_timezone('UTC', current_timestamp())) as dbt_valid_to

        from snapshot_query
    ),

    insertions as (

        select
            'insert' as dbt_change_type,
            source_data.*

        from insertions_source_data as source_data
        left outer join snapshotted_data
            on 
    
        snapshotted_data.dbt_unique_key = source_data.dbt_unique_key
    

            where 
    
        snapshotted_data.dbt_unique_key is null
    

            or (
    
        snapshotted_data.dbt_unique_key is not null
    
 and (
               (snapshotted_data."AIRPORT_IDENT" != source_data."AIRPORT_IDENT"
        or
        (
            ((snapshotted_data."AIRPORT_IDENT" is null) and not (source_data."AIRPORT_IDENT" is null))
            or
            ((not snapshotted_data."AIRPORT_IDENT" is null) and (source_data."AIRPORT_IDENT" is null))
        ) or snapshotted_data."AIRPORT_TYPE" != source_data."AIRPORT_TYPE"
        or
        (
            ((snapshotted_data."AIRPORT_TYPE" is null) and not (source_data."AIRPORT_TYPE" is null))
            or
            ((not snapshotted_data."AIRPORT_TYPE" is null) and (source_data."AIRPORT_TYPE" is null))
        ) or snapshotted_data."AIRPORT_NAME" != source_data."AIRPORT_NAME"
        or
        (
            ((snapshotted_data."AIRPORT_NAME" is null) and not (source_data."AIRPORT_NAME" is null))
            or
            ((not snapshotted_data."AIRPORT_NAME" is null) and (source_data."AIRPORT_NAME" is null))
        ) or snapshotted_data."AIRPORT_LAT" != source_data."AIRPORT_LAT"
        or
        (
            ((snapshotted_data."AIRPORT_LAT" is null) and not (source_data."AIRPORT_LAT" is null))
            or
            ((not snapshotted_data."AIRPORT_LAT" is null) and (source_data."AIRPORT_LAT" is null))
        ) or snapshotted_data."AIRPORT_LONG" != source_data."AIRPORT_LONG"
        or
        (
            ((snapshotted_data."AIRPORT_LONG" is null) and not (source_data."AIRPORT_LONG" is null))
            or
            ((not snapshotted_data."AIRPORT_LONG" is null) and (source_data."AIRPORT_LONG" is null))
        ) or snapshotted_data."CONTINENT" != source_data."CONTINENT"
        or
        (
            ((snapshotted_data."CONTINENT" is null) and not (source_data."CONTINENT" is null))
            or
            ((not snapshotted_data."CONTINENT" is null) and (source_data."CONTINENT" is null))
        ) or snapshotted_data."ISO_COUNTRY" != source_data."ISO_COUNTRY"
        or
        (
            ((snapshotted_data."ISO_COUNTRY" is null) and not (source_data."ISO_COUNTRY" is null))
            or
            ((not snapshotted_data."ISO_COUNTRY" is null) and (source_data."ISO_COUNTRY" is null))
        ))
            )

        )

    ),

    updates as (

        select
            'update' as dbt_change_type,
            source_data.*,
            snapshotted_data.dbt_scd_id

        from updates_source_data as source_data
        join snapshotted_data
            on 
    
        snapshotted_data.dbt_unique_key = source_data.dbt_unique_key
    

        where (
            (snapshotted_data."AIRPORT_IDENT" != source_data."AIRPORT_IDENT"
        or
        (
            ((snapshotted_data."AIRPORT_IDENT" is null) and not (source_data."AIRPORT_IDENT" is null))
            or
            ((not snapshotted_data."AIRPORT_IDENT" is null) and (source_data."AIRPORT_IDENT" is null))
        ) or snapshotted_data."AIRPORT_TYPE" != source_data."AIRPORT_TYPE"
        or
        (
            ((snapshotted_data."AIRPORT_TYPE" is null) and not (source_data."AIRPORT_TYPE" is null))
            or
            ((not snapshotted_data."AIRPORT_TYPE" is null) and (source_data."AIRPORT_TYPE" is null))
        ) or snapshotted_data."AIRPORT_NAME" != source_data."AIRPORT_NAME"
        or
        (
            ((snapshotted_data."AIRPORT_NAME" is null) and not (source_data."AIRPORT_NAME" is null))
            or
            ((not snapshotted_data."AIRPORT_NAME" is null) and (source_data."AIRPORT_NAME" is null))
        ) or snapshotted_data."AIRPORT_LAT" != source_data."AIRPORT_LAT"
        or
        (
            ((snapshotted_data."AIRPORT_LAT" is null) and not (source_data."AIRPORT_LAT" is null))
            or
            ((not snapshotted_data."AIRPORT_LAT" is null) and (source_data."AIRPORT_LAT" is null))
        ) or snapshotted_data."AIRPORT_LONG" != source_data."AIRPORT_LONG"
        or
        (
            ((snapshotted_data."AIRPORT_LONG" is null) and not (source_data."AIRPORT_LONG" is null))
            or
            ((not snapshotted_data."AIRPORT_LONG" is null) and (source_data."AIRPORT_LONG" is null))
        ) or snapshotted_data."CONTINENT" != source_data."CONTINENT"
        or
        (
            ((snapshotted_data."CONTINENT" is null) and not (source_data."CONTINENT" is null))
            or
            ((not snapshotted_data."CONTINENT" is null) and (source_data."CONTINENT" is null))
        ) or snapshotted_data."ISO_COUNTRY" != source_data."ISO_COUNTRY"
        or
        (
            ((snapshotted_data."ISO_COUNTRY" is null) and not (source_data."ISO_COUNTRY" is null))
            or
            ((not snapshotted_data."ISO_COUNTRY" is null) and (source_data."ISO_COUNTRY" is null))
        ))
        )
    )

    select * from insertions
    union all
    select * from updates

    )

/* {"app": "dbt", "dbt_version": "2.0.0", "node_id": "snapshot.airstats.scd_silver_airports", "profile_name": "airstats", "target_name": "dev"} */
02:12:01.817977 [debug]: Query executed on node snapshot.airstats.scd_silver_airports:
describe table "AIRSTATS"."SNAPSHOTS"."SCD_SILVER_AIRPORTS__dbt_tmp"
/* {"app": "dbt", "dbt_version": "2.0.0", "node_id": "snapshot.airstats.scd_silver_airports", "profile_name": "airstats", "target_name": "dev"} */
02:12:01.931226 [debug]: Query executed on node snapshot.airstats.scd_silver_airports:
describe table "AIRSTATS"."SNAPSHOTS"."SCD_SILVER_AIRPORTS"
/* {"app": "dbt", "dbt_version": "2.0.0", "node_id": "snapshot.airstats.scd_silver_airports", "profile_name": "airstats", "target_name": "dev"} */
02:12:02.029452 [debug]: Query executed on node snapshot.airstats.scd_silver_airports:
describe table "AIRSTATS"."SNAPSHOTS"."SCD_SILVER_AIRPORTS__dbt_tmp"
/* {"app": "dbt", "dbt_version": "2.0.0", "node_id": "snapshot.airstats.scd_silver_airports", "profile_name": "airstats", "target_name": "dev"} */
02:12:02.108409 [debug]: Query executed on node snapshot.airstats.scd_silver_airports:
describe table "AIRSTATS"."SNAPSHOTS"."SCD_SILVER_AIRPORTS"
/* {"app": "dbt", "dbt_version": "2.0.0", "node_id": "snapshot.airstats.scd_silver_airports", "profile_name": "airstats", "target_name": "dev"} */
02:12:02.265967 [debug]: Query executed on node snapshot.airstats.scd_silver_airports:
describe table "AIRSTATS"."SNAPSHOTS"."SCD_SILVER_AIRPORTS__dbt_tmp"
/* {"app": "dbt", "dbt_version": "2.0.0", "node_id": "snapshot.airstats.scd_silver_airports", "profile_name": "airstats", "target_name": "dev"} */
02:12:02.697284 [debug]: Query executed on node snapshot.airstats.scd_silver_airports:
select * from (
        
    
    with snapshot_query as (

        



select *
from AIRSTATS.DEV.silver_airports



    ),

    snapshotted_data as (

        select *, 
    
        airport_ident as dbt_unique_key
    

        from "AIRSTATS"."SNAPSHOTS"."SCD_SILVER_AIRPORTS"
        where
            
                dbt_valid_to is null
            

    ),

    insertions_source_data as (

        select *, 
    
        airport_ident as dbt_unique_key
    
,
            to_timestamp_ntz(convert_timezone('UTC', current_timestamp())) as dbt_updated_at,
            to_timestamp_ntz(convert_timezone('UTC', current_timestamp())) as dbt_valid_from,
            
  
  coalesce(nullif(to_timestamp_ntz(convert_timezone('UTC', current_timestamp())), to_timestamp_ntz(convert_timezone('UTC', current_timestamp()))), null)
  as dbt_valid_to
,
            md5(coalesce(cast(airport_ident as varchar ), '')
         || '|' || coalesce(cast(to_timestamp_ntz(convert_timezone('UTC', current_timestamp())) as varchar ), '')
        ) as dbt_scd_id

        from snapshot_query
    ),

    updates_source_data as (

        select *, 
    
        airport_ident as dbt_unique_key
    
,
            to_timestamp_ntz(convert_timezone('UTC', current_timestamp())) as dbt_updated_at,
            to_timestamp_ntz(convert_timezone('UTC', current_timestamp())) as dbt_valid_from,
            to_timestamp_ntz(convert_timezone('UTC', current_timestamp())) as dbt_valid_to

        from snapshot_query
    ),

    insertions as (

        select
            'insert' as dbt_change_type,
            source_data.*

        from insertions_source_data as source_data
        left outer join snapshotted_data
            on 
    
        snapshotted_data.dbt_unique_key = source_data.dbt_unique_key
    

            where 
    
        snapshotted_data.dbt_unique_key is null
    

            or (
    
        snapshotted_data.dbt_unique_key is not null
    
 and (
               (snapshotted_data."AIRPORT_IDENT" != source_data."AIRPORT_IDENT"
        or
        (
            ((snapshotted_data."AIRPORT_IDENT" is null) and not (source_data."AIRPORT_IDENT" is null))
            or
            ((not snapshotted_data."AIRPORT_IDENT" is null) and (source_data."AIRPORT_IDENT" is null))
        ) or snapshotted_data."AIRPORT_TYPE" != source_data."AIRPORT_TYPE"
        or
        (
            ((snapshotted_data."AIRPORT_TYPE" is null) and not (source_data."AIRPORT_TYPE" is null))
            or
            ((not snapshotted_data."AIRPORT_TYPE" is null) and (source_data."AIRPORT_TYPE" is null))
        ) or snapshotted_data."AIRPORT_NAME" != source_data."AIRPORT_NAME"
        or
        (
            ((snapshotted_data."AIRPORT_NAME" is null) and not (source_data."AIRPORT_NAME" is null))
            or
            ((not snapshotted_data."AIRPORT_NAME" is null) and (source_data."AIRPORT_NAME" is null))
        ) or snapshotted_data."AIRPORT_LAT" != source_data."AIRPORT_LAT"
        or
        (
            ((snapshotted_data."AIRPORT_LAT" is null) and not (source_data."AIRPORT_LAT" is null))
            or
            ((not snapshotted_data."AIRPORT_LAT" is null) and (source_data."AIRPORT_LAT" is null))
        ) or snapshotted_data."AIRPORT_LONG" != source_data."AIRPORT_LONG"
        or
        (
            ((snapshotted_data."AIRPORT_LONG" is null) and not (source_data."AIRPORT_LONG" is null))
            or
            ((not snapshotted_data."AIRPORT_LONG" is null) and (source_data."AIRPORT_LONG" is null))
        ) or snapshotted_data."CONTINENT" != source_data."CONTINENT"
        or
        (
            ((snapshotted_data."CONTINENT" is null) and not (source_data."CONTINENT" is null))
            or
            ((not snapshotted_data."CONTINENT" is null) and (source_data."CONTINENT" is null))
        ) or snapshotted_data."ISO_COUNTRY" != source_data."ISO_COUNTRY"
        or
        (
            ((snapshotted_data."ISO_COUNTRY" is null) and not (source_data."ISO_COUNTRY" is null))
            or
            ((not snapshotted_data."ISO_COUNTRY" is null) and (source_data."ISO_COUNTRY" is null))
        ))
            )

        )

    ),

    updates as (

        select
            'update' as dbt_change_type,
            source_data.*,
            snapshotted_data.dbt_scd_id

        from updates_source_data as source_data
        join snapshotted_data
            on 
    
        snapshotted_data.dbt_unique_key = source_data.dbt_unique_key
    

        where (
            (snapshotted_data."AIRPORT_IDENT" != source_data."AIRPORT_IDENT"
        or
        (
            ((snapshotted_data."AIRPORT_IDENT" is null) and not (source_data."AIRPORT_IDENT" is null))
            or
            ((not snapshotted_data."AIRPORT_IDENT" is null) and (source_data."AIRPORT_IDENT" is null))
        ) or snapshotted_data."AIRPORT_TYPE" != source_data."AIRPORT_TYPE"
        or
        (
            ((snapshotted_data."AIRPORT_TYPE" is null) and not (source_data."AIRPORT_TYPE" is null))
            or
            ((not snapshotted_data."AIRPORT_TYPE" is null) and (source_data."AIRPORT_TYPE" is null))
        ) or snapshotted_data."AIRPORT_NAME" != source_data."AIRPORT_NAME"
        or
        (
            ((snapshotted_data."AIRPORT_NAME" is null) and not (source_data."AIRPORT_NAME" is null))
            or
            ((not snapshotted_data."AIRPORT_NAME" is null) and (source_data."AIRPORT_NAME" is null))
        ) or snapshotted_data."AIRPORT_LAT" != source_data."AIRPORT_LAT"
        or
        (
            ((snapshotted_data."AIRPORT_LAT" is null) and not (source_data."AIRPORT_LAT" is null))
            or
            ((not snapshotted_data."AIRPORT_LAT" is null) and (source_data."AIRPORT_LAT" is null))
        ) or snapshotted_data."AIRPORT_LONG" != source_data."AIRPORT_LONG"
        or
        (
            ((snapshotted_data."AIRPORT_LONG" is null) and not (source_data."AIRPORT_LONG" is null))
            or
            ((not snapshotted_data."AIRPORT_LONG" is null) and (source_data."AIRPORT_LONG" is null))
        ) or snapshotted_data."CONTINENT" != source_data."CONTINENT"
        or
        (
            ((snapshotted_data."CONTINENT" is null) and not (source_data."CONTINENT" is null))
            or
            ((not snapshotted_data."CONTINENT" is null) and (source_data."CONTINENT" is null))
        ) or snapshotted_data."ISO_COUNTRY" != source_data."ISO_COUNTRY"
        or
        (
            ((snapshotted_data."ISO_COUNTRY" is null) and not (source_data."ISO_COUNTRY" is null))
            or
            ((not snapshotted_data."ISO_COUNTRY" is null) and (source_data."ISO_COUNTRY" is null))
        ))
        )
    )

    select * from insertions
    union all
    select * from updates

    ) as __dbt_sbq
    where false
    limit 0

/* {"app": "dbt", "dbt_version": "2.0.0", "node_id": "snapshot.airstats.scd_silver_airports", "profile_name": "airstats", "target_name": "dev"} */
02:12:02.782378 [debug]: Query executed on node snapshot.airstats.scd_silver_airports:
select * from (
        select to_timestamp_ntz(convert_timezone('UTC', current_timestamp())) as dbt_snapshot_time
    ) as __dbt_sbq
    where false
    limit 0

/* {"app": "dbt", "dbt_version": "2.0.0", "node_id": "snapshot.airstats.scd_silver_airports", "profile_name": "airstats", "target_name": "dev"} */
02:12:02.783655 [debug]: Writing runtime sql for node "snapshot.airstats.scd_silver_airports"
02:12:02.883409 [debug]: Query executed on node snapshot.airstats.scd_silver_airports:
begin
/* {"app": "dbt", "dbt_version": "2.0.0", "node_id": "snapshot.airstats.scd_silver_airports", "profile_name": "airstats", "target_name": "dev"} */
02:12:04.433939 [debug]: Query executed on node snapshot.airstats.scd_silver_airports:

    merge into "AIRSTATS"."SNAPSHOTS"."SCD_SILVER_AIRPORTS" as DBT_INTERNAL_DEST
    using "AIRSTATS"."SNAPSHOTS"."SCD_SILVER_AIRPORTS__dbt_tmp" as DBT_INTERNAL_SOURCE
    on DBT_INTERNAL_SOURCE.dbt_scd_id = DBT_INTERNAL_DEST.dbt_scd_id

    when matched
     
       and DBT_INTERNAL_DEST.dbt_valid_to is null
     
     and DBT_INTERNAL_SOURCE.dbt_change_type in ('update', 'delete')
        then update
        set dbt_valid_to = DBT_INTERNAL_SOURCE.dbt_valid_to

    when not matched
     and DBT_INTERNAL_SOURCE.dbt_change_type = 'insert'
        then insert ("AIRPORT_IDENT", "AIRPORT_TYPE", "AIRPORT_NAME", "AIRPORT_LAT", "AIRPORT_LONG", "CONTINENT", "ISO_COUNTRY", "DBT_UPDATED_AT", "DBT_VALID_FROM", "DBT_VALID_TO", "DBT_SCD_ID")
        values ("AIRPORT_IDENT", "AIRPORT_TYPE", "AIRPORT_NAME", "AIRPORT_LAT", "AIRPORT_LONG", "CONTINENT", "ISO_COUNTRY", "DBT_UPDATED_AT", "DBT_VALID_FROM", "DBT_VALID_TO", "DBT_SCD_ID")


/* {"app": "dbt", "dbt_version": "2.0.0", "node_id": "snapshot.airstats.scd_silver_airports", "profile_name": "airstats", "target_name": "dev"} */
02:12:04.755158 [debug]: Query executed on node snapshot.airstats.scd_silver_airports:

    commit
/* {"app": "dbt", "dbt_version": "2.0.0", "node_id": "snapshot.airstats.scd_silver_airports", "profile_name": "airstats", "target_name": "dev"} */
02:12:04.758430 [info ]:  Succeeded [  6.17s] snapshot snapshots.scd_silver_airports (table)
02:12:04.758552 [debug]: Finished running [  6.13s] snapshot snapshots.scd_silver_airports [success]
02:12:04.758600 [info ]: Finished running [  6.13s] (1 nodes, 0 skipped, 0 errors)
02:12:04.814759 [info ]: 
==================== Execution Summary =====================
Finished 'snapshot' successfully for target 'dev' [6.8s]
Processed: 1 snapshot
Summary: 1 total | 1 success
==================== 2026-03-24T02:15:24.790437Z | 019d1da0-1975-7470-ba8a-bfaf686e8e53 ====================
02:15:24.790479 [info ]: dbt-fusion 2.0.0-preview.154
02:15:24.790550 [info ]: Started loading project
02:15:24.790933 [info ]: Loading profiles.yml
02:15:24.882269 [debug]:    Started loading packages
02:15:24.882771 [debug]:     Loaded [  0.00s] packages
02:15:24.883090 [info ]: Finished loading project [  0.09s]
02:15:24.883230 [info ]: Started parsing
02:15:24.893071 [debug]: Finished parsing models/sources.yml [  0.00s]
02:15:24.893884 [debug]: Finished parsing target/snapshots/scd_silver_airports.sql [  0.00s]
02:15:24.894021 [debug]: Finished parsing target/snapshots/scd_silver_runways.sql [  0.00s]
02:15:24.894452 [debug]: Finished parsing models/bronze/src_airport_comments.sql [  0.00s]
02:15:24.894566 [debug]: Finished parsing models/bronze/src_airports.sql [  0.00s]
02:15:24.894668 [debug]: Finished parsing models/bronze/src_runways.sql [  0.00s]
02:15:24.894849 [debug]: Finished parsing models/silver/silver_airport_comments.sql [  0.00s]
02:15:24.894946 [debug]: Finished parsing models/silver/silver_airports.sql [  0.00s]
02:15:24.895042 [debug]: Finished parsing models/silver/silver_runways.sql [  0.00s]
02:15:24.896402 [info ]: Finished parsing [  0.01s]
02:15:24.896582 [info ]: Started scheduling
02:15:24.896648 [info ]: Finished scheduling [  0.00s]
02:15:24.896764 [debug]: Initializing schema store with entry: Selected("snapshot.airstats.scd_silver_runways") and interval: None
02:15:24.896777 [debug]: Initializing schema store with entry: Frontier(CanonicalFqn { catalog: "AIRSTATS", schema: "DEV", table: "SILVER_RUNWAYS" }) and interval: None
02:15:24.897028 [info ]: Started downloading schemas
02:15:25.473835 [debug]: Query executed on node unknown:
describe table "AIRSTATS"."SNAPSHOTS"."SCD_SILVER_RUNWAYS"
02:15:25.545169 [debug]: Query executed on node unknown:
describe table "AIRSTATS"."DEV"."SILVER_RUNWAYS"
02:15:26.594195 [info ]: Downloaded AIRSTATS.DEV.silver_runways (schema)
02:15:26.595845 [info ]: Finished downloading schemas [  1.70s]
02:15:26.666279 [info ]: Started building task graph
02:15:26.666355 [info ]: Finished building task graph [  0.00s]
02:15:27.018686 [debug]: Query executed on node unknown:
show terse schemas in database AIRSTATS
    limit 10000
/* {"app": "dbt", "connection_name": "", "dbt_version": "2.0.0", "profile_name": "airstats", "target_name": "dev"} */
02:15:27.019255 [info ]: Started rendering (1 nodes)
02:15:27.019378 [info ]: Started snapshot snapshots.scd_silver_runways
02:15:27.019417 [debug]: Started rendering snapshot snapshots.scd_silver_runways
02:15:27.021220 [debug]: Compiled SQL for node snapshot.airstats.scd_silver_runways at target/compiled/snapshots/scd_silver_runways.sql
02:15:27.021311 [debug]: Finished rendering [  0.00s] snapshot snapshots.scd_silver_runways [success]
02:15:27.021381 [info ]: Finished rendering [  0.00s] (1 nodes, 0 skipped, 0 errors)
02:15:27.021429 [info ]: Started analyzing (1 nodes)
02:15:27.021476 [debug]: Started analyzing snapshot snapshots.scd_silver_runways
02:15:27.056336 [debug]: Finished analyzing [  0.03s] snapshot snapshots.scd_silver_runways [success]
02:15:27.056380 [info ]: Finished analyzing [  0.03s] (1 nodes, 0 skipped, 0 errors)
02:15:27.056414 [info ]: Started running (1 nodes)
02:15:27.056440 [debug]: Started running snapshot snapshots.scd_silver_runways
02:15:27.564669 [debug]: Query executed on node snapshot.airstats.scd_silver_runways:
SHOW OBJECTS IN SCHEMA "AIRSTATS"."SNAPSHOTS" LIMIT 10000
02:15:28.317824 [debug]: Query executed on node snapshot.airstats.scd_silver_runways:
select * from (
        
    

    select *,
        md5(coalesce(cast(runway_id as varchar ), '')
         || '|' || coalesce(cast(to_timestamp_ntz(convert_timezone('UTC', current_timestamp())) as varchar ), '')
        ) as dbt_scd_id,
        to_timestamp_ntz(convert_timezone('UTC', current_timestamp())) as dbt_updated_at,
        to_timestamp_ntz(convert_timezone('UTC', current_timestamp())) as dbt_valid_from,
        
  
  coalesce(nullif(to_timestamp_ntz(convert_timezone('UTC', current_timestamp())), to_timestamp_ntz(convert_timezone('UTC', current_timestamp()))), null)
  as dbt_valid_to
from (
        



select *
from AIRSTATS.DEV.silver_runways


    ) sbq



    ) as __dbt_sbq
    where false
    limit 0

/* {"app": "dbt", "dbt_version": "2.0.0", "node_id": "snapshot.airstats.scd_silver_runways", "profile_name": "airstats", "target_name": "dev"} */
02:15:28.398142 [debug]: Query executed on node snapshot.airstats.scd_silver_runways:
select * from (
        select to_timestamp_ntz(convert_timezone('UTC', current_timestamp())) as dbt_snapshot_time
    ) as __dbt_sbq
    where false
    limit 0

/* {"app": "dbt", "dbt_version": "2.0.0", "node_id": "snapshot.airstats.scd_silver_runways", "profile_name": "airstats", "target_name": "dev"} */
02:15:28.399427 [debug]: Writing runtime sql for node "snapshot.airstats.scd_silver_runways"
02:15:29.952484 [debug]: Query executed on node snapshot.airstats.scd_silver_runways:
create or replace transient  table AIRSTATS.snapshots.scd_silver_runways
    
    
    
    as (
    

    select *,
        md5(coalesce(cast(runway_id as varchar ), '')
         || '|' || coalesce(cast(to_timestamp_ntz(convert_timezone('UTC', current_timestamp())) as varchar ), '')
        ) as dbt_scd_id,
        to_timestamp_ntz(convert_timezone('UTC', current_timestamp())) as dbt_updated_at,
        to_timestamp_ntz(convert_timezone('UTC', current_timestamp())) as dbt_valid_from,
        
  
  coalesce(nullif(to_timestamp_ntz(convert_timezone('UTC', current_timestamp())), to_timestamp_ntz(convert_timezone('UTC', current_timestamp()))), null)
  as dbt_valid_to
from (
        



select *
from AIRSTATS.DEV.silver_runways


    ) sbq



    )

/* {"app": "dbt", "dbt_version": "2.0.0", "node_id": "snapshot.airstats.scd_silver_runways", "profile_name": "airstats", "target_name": "dev"} */
02:15:29.955382 [info ]:  Succeeded [  2.93s] snapshot snapshots.scd_silver_runways (table)
02:15:29.955492 [debug]: Finished running [  2.90s] snapshot snapshots.scd_silver_runways [success]
02:15:29.955540 [info ]: Finished running [  2.90s] (1 nodes, 0 skipped, 0 errors)
02:15:30.005947 [info ]: 
==================== Execution Summary =====================
Finished 'snapshot' successfully for target 'dev' [5.2s]
Processed: 1 snapshot
Summary: 1 total | 1 success
==================== 2026-03-24T02:16:45.398963Z | 019d1da1-5456-7372-9777-a046c8719c67 ====================
02:16:45.399022 [info ]: dbt-fusion 2.0.0-preview.154
02:16:45.399123 [info ]: Started loading project
02:16:45.399700 [info ]: Loading profiles.yml
02:16:45.495893 [debug]:    Started loading packages
02:16:45.496425 [debug]:     Loaded [  0.00s] packages
02:16:45.496743 [info ]: Finished loading project [  0.10s]
02:16:45.496902 [info ]: Started parsing
02:16:45.507543 [debug]: Finished parsing models/sources.yml [  0.00s]
02:16:45.507872 [debug]: Finished parsing models/tests.yml [  0.00s]
02:16:45.510783 [debug]: Finished parsing target/snapshots/scd_silver_airports.sql [  0.00s]
02:16:45.510942 [debug]: Finished parsing target/snapshots/scd_silver_runways.sql [  0.00s]
02:16:45.511519 [debug]: Finished parsing models/bronze/src_airport_comments.sql [  0.00s]
02:16:45.511645 [debug]: Finished parsing models/bronze/src_airports.sql [  0.00s]
02:16:45.511761 [debug]: Finished parsing models/bronze/src_runways.sql [  0.00s]
02:16:45.511960 [debug]: Finished parsing models/silver/silver_airport_comments.sql [  0.00s]
02:16:45.512061 [debug]: Finished parsing models/silver/silver_airports.sql [  0.00s]
02:16:45.512158 [debug]: Finished parsing models/silver/silver_runways.sql [  0.00s]
02:16:45.516935 [debug]: Finished parsing target/generic_tests/not_null_silver_airport_comments_comment_body.sql [  0.00s]
02:16:45.517108 [debug]: Finished parsing target/generic_tests/not_null_silver_airport_comments_comment_id.sql [  0.00s]
02:16:45.517240 [debug]: Finished parsing target/generic_tests/unique_silver_airport_comments_comment_id.sql [  0.00s]
02:16:45.517359 [debug]: Finished parsing target/generic_tests/not_null_silver_airport_comments_member_nickname.sql [  0.00s]
02:16:45.517499 [debug]: Finished parsing target/generic_tests/not_null_silver_airports_airport_ident.sql [  0.00s]
02:16:45.517661 [debug]: Finished parsing target/generic_tests/unique_silver_airports_airport_ident.sql [  0.00s]
02:16:45.517801 [debug]: Finished parsing target/generic_tests/not_null_silver_runways_runway_id.sql [  0.00s]
02:16:45.517924 [debug]: Finished parsing target/generic_tests/unique_silver_runways_runway_id.sql [  0.00s]
02:16:45.518041 [debug]: Finished parsing target/generic_tests/not_null_src_airport_comments_comment_id.sql [  0.00s]
02:16:45.518150 [debug]: Finished parsing target/generic_tests/unique_src_airport_comments_comment_id.sql [  0.00s]
02:16:45.518263 [debug]: Finished parsing target/generic_tests/not_null_src_airports_airport_ident.sql [  0.00s]
02:16:45.518368 [debug]: Finished parsing target/generic_tests/unique_src_airports_airport_ident.sql [  0.00s]
02:16:45.518478 [debug]: Finished parsing target/generic_tests/not_null_src_runways_airport_ident.sql [  0.00s]
02:16:45.518591 [debug]: Finished parsing target/generic_tests/not_null_src_runways_runway_id.sql [  0.00s]
02:16:45.518698 [debug]: Finished parsing target/generic_tests/unique_src_runways_runway_id.sql [  0.00s]
02:16:45.520922 [info ]: Finished parsing [  0.02s]
02:16:45.521100 [info ]: Started scheduling
02:16:45.521507 [info ]: Finished scheduling [  0.00s]
02:16:45.521650 [debug]: Initializing schema store with entry: Frontier(CanonicalFqn { catalog: "AIRSTATS", schema: "DEV", table: "SRC_RUNWAYS" }) and interval: None
02:16:45.521664 [debug]: Initializing schema store with entry: Frontier(CanonicalFqn { catalog: "AIRSTATS", schema: "DEV", table: "SILVER_AIRPORTS" }) and interval: None
02:16:45.521673 [debug]: Initializing schema store with entry: Frontier(CanonicalFqn { catalog: "AIRSTATS", schema: "DEV", table: "SILVER_RUNWAYS" }) and interval: None
02:16:45.521680 [debug]: Initializing schema store with entry: Frontier(CanonicalFqn { catalog: "AIRSTATS", schema: "DEV", table: "SRC_AIRPORTS" }) and interval: None
02:16:45.521687 [debug]: Initializing schema store with entry: Frontier(CanonicalFqn { catalog: "AIRSTATS", schema: "DEV", table: "SILVER_AIRPORT_COMMENTS" }) and interval: None
02:16:45.521693 [debug]: Initializing schema store with entry: Frontier(CanonicalFqn { catalog: "AIRSTATS", schema: "DEV", table: "SRC_AIRPORT_COMMENTS" }) and interval: None
02:16:45.521970 [info ]: Started downloading schemas
02:16:45.943682 [debug]: Query executed on node unknown:
describe table "AIRSTATS"."DEV"."SILVER_AIRPORT_COMMENTS"
02:16:45.966467 [debug]: Query executed on node unknown:
describe table "AIRSTATS"."DEV"."SRC_RUNWAYS"
02:16:46.169150 [info ]: Downloaded AIRSTATS.DEV.silver_airport_comments (schema)
02:16:46.170908 [info ]: Downloaded AIRSTATS.DEV.src_runways (schema)
02:16:46.171758 [info ]: Finished downloading schemas [  0.65s]
02:16:46.242520 [info ]: Started building task graph
02:16:46.243028 [info ]: Finished building task graph [  0.00s]
02:16:46.243201 [info ]: Started rendering (15 nodes)
02:16:46.243225 [info ]: Started test DEV_dbt_test__audit.unique_src_runways_runway_id
02:16:46.243237 [debug]: Started rendering test DEV_dbt_test__audit.unique_src_runways_runway_id
02:16:46.243248 [info ]: Started test DEV_dbt_test__audit.unique_src_airports_airport_ident
02:16:46.243252 [debug]: Started rendering test DEV_dbt_test__audit.unique_src_airports_airport_ident
02:16:46.243259 [info ]: Started test DEV_dbt_test__audit.unique_src_airport_comments_comment_id
02:16:46.243263 [debug]: Started rendering test DEV_dbt_test__audit.unique_src_airport_comments_comment_id
02:16:46.243269 [info ]: Started test DEV_dbt_test__audit.unique_silver_runways_runway_id
02:16:46.243272 [debug]: Started rendering test DEV_dbt_test__audit.unique_silver_runways_runway_id
02:16:46.243278 [info ]: Started test DEV_dbt_test__audit.unique_silver_airports_airport_ident
02:16:46.243280 [debug]: Started rendering test DEV_dbt_test__audit.unique_silver_airports_airport_ident
02:16:46.243285 [info ]: Started test DEV_dbt_test__audit.unique_silver_airport_comments_comment_id
02:16:46.243289 [debug]: Started rendering test DEV_dbt_test__audit.unique_silver_airport_comments_comment_id
02:16:46.243294 [info ]: Started test DEV_dbt_test__audit.not_null_src_runways_runway_id
02:16:46.243298 [debug]: Started rendering test DEV_dbt_test__audit.not_null_src_runways_runway_id
02:16:46.243303 [info ]: Started test DEV_dbt_test__audit.not_null_src_runways_airport_ident
02:16:46.243307 [debug]: Started rendering test DEV_dbt_test__audit.not_null_src_runways_airport_ident
02:16:46.243312 [info ]: Started test DEV_dbt_test__audit.not_null_src_airports_airport_ident
02:16:46.243315 [debug]: Started rendering test DEV_dbt_test__audit.not_null_src_airports_airport_ident
02:16:46.243321 [info ]: Started test DEV_dbt_test__audit.not_null_src_airport_comments_comment_id
02:16:46.243323 [debug]: Started rendering test DEV_dbt_test__audit.not_null_src_airport_comments_comment_id
02:16:46.243327 [info ]: Started test DEV_dbt_test__audit.not_null_silver_runways_runway_id
02:16:46.243329 [debug]: Started rendering test DEV_dbt_test__audit.not_null_silver_runways_runway_id
02:16:46.243333 [info ]: Started test DEV_dbt_test__audit.not_null_silver_airports_airport_ident
02:16:46.243336 [debug]: Started rendering test DEV_dbt_test__audit.not_null_silver_airports_airport_ident
02:16:46.243340 [info ]: Started test DEV_dbt_test__audit.not_null_silver_airport_comments_member_nickname
02:16:46.243344 [debug]: Started rendering test DEV_dbt_test__audit.not_null_silver_airport_comments_member_nickname
02:16:46.243350 [info ]: Started test DEV_dbt_test__audit.not_null_silver_airport_comments_comment_id
02:16:46.243353 [debug]: Started rendering test DEV_dbt_test__audit.not_null_silver_airport_comments_comment_id
02:16:46.243358 [info ]: Started test DEV_dbt_test__audit.not_null_silver_airport_comments_comment_body
02:16:46.243361 [debug]: Started rendering test DEV_dbt_test__audit.not_null_silver_airport_comments_comment_body
02:16:46.246501 [debug]: Compiled SQL for node test.airstats.not_null_src_airports_airport_ident.07349ac3ef at target/compiled/generic_tests/not_null_src_airports_airport_ident.sql
02:16:46.246578 [debug]: Finished rendering [  0.00s] test DEV_dbt_test__audit.not_null_src_airports_airport_ident [success]
02:16:46.246640 [info ]: Started analyzing (15 nodes)
02:16:46.246672 [debug]: Started analyzing test DEV_dbt_test__audit.not_null_src_airports_airport_ident
02:16:46.246734 [debug]: Compiled SQL for node test.airstats.not_null_silver_airports_airport_ident.23a9200d75 at target/compiled/generic_tests/not_null_silver_airports_airport_ident.sql
02:16:46.246817 [debug]: Compiled SQL for node test.airstats.unique_silver_airport_comments_comment_id.c911e15327 at target/compiled/generic_tests/unique_silver_airport_comments_comment_id.sql
02:16:46.246919 [debug]: Compiled SQL for node test.airstats.not_null_silver_airport_comments_comment_id.e7a61a7a48 at target/compiled/generic_tests/not_null_silver_airport_comments_comment_id.sql
02:16:46.246934 [debug]: Compiled SQL for node test.airstats.unique_src_runways_runway_id.7deef2bd78 at target/compiled/generic_tests/unique_src_runways_runway_id.sql
02:16:46.246942 [debug]: Compiled SQL for node test.airstats.not_null_src_airport_comments_comment_id.8ca3c09d27 at target/compiled/generic_tests/not_null_src_airport_comments_comment_id.sql
02:16:46.246906 [debug]: Finished rendering [  0.00s] test DEV_dbt_test__audit.not_null_silver_airports_airport_ident [success]
02:16:46.246945 [debug]: Compiled SQL for node test.airstats.not_null_src_runways_airport_ident.2583f32a06 at target/compiled/generic_tests/not_null_src_runways_airport_ident.sql
02:16:46.246955 [debug]: Compiled SQL for node test.airstats.unique_src_airports_airport_ident.8ef120bfc3 at target/compiled/generic_tests/unique_src_airports_airport_ident.sql
02:16:46.246957 [debug]: Compiled SQL for node test.airstats.not_null_silver_airport_comments_member_nickname.37aa0f2aa3 at target/compiled/generic_tests/not_null_silver_airport_comments_member_nickname.sql
02:16:46.246966 [debug]: Started analyzing test DEV_dbt_test__audit.not_null_silver_airports_airport_ident
02:16:46.246985 [debug]: Finished rendering [  0.00s] test DEV_dbt_test__audit.unique_silver_airport_comments_comment_id [success]
02:16:46.247014 [debug]: Started analyzing test DEV_dbt_test__audit.unique_silver_airport_comments_comment_id
02:16:46.247043 [debug]: Compiled SQL for node test.airstats.unique_silver_airports_airport_ident.e1d5a10237 at target/compiled/generic_tests/unique_silver_airports_airport_ident.sql
02:16:46.247033 [debug]: Finished rendering [  0.00s] test DEV_dbt_test__audit.not_null_silver_airport_comments_comment_id [success]
02:16:46.247059 [debug]: Started analyzing test DEV_dbt_test__audit.not_null_silver_airport_comments_comment_id
02:16:46.247075 [debug]: Finished rendering [  0.00s] test DEV_dbt_test__audit.unique_src_runways_runway_id [success]
02:16:46.247101 [debug]: Started analyzing test DEV_dbt_test__audit.unique_src_runways_runway_id
02:16:46.247121 [debug]: Compiled SQL for node test.airstats.not_null_silver_airport_comments_comment_body.7618290c46 at target/compiled/generic_tests/not_null_silver_airport_comments_comment_body.sql
02:16:46.247112 [debug]: Finished rendering [  0.00s] test DEV_dbt_test__audit.not_null_src_airport_comments_comment_id [success]
02:16:46.247137 [debug]: Started analyzing test DEV_dbt_test__audit.not_null_src_airport_comments_comment_id
02:16:46.247158 [debug]: Compiled SQL for node test.airstats.not_null_src_runways_runway_id.47ef077803 at target/compiled/generic_tests/not_null_src_runways_runway_id.sql
02:16:46.247147 [debug]: Finished rendering [  0.00s] test DEV_dbt_test__audit.not_null_src_runways_airport_ident [success]
02:16:46.247167 [debug]: Compiled SQL for node test.airstats.not_null_silver_runways_runway_id.946f785ae9 at target/compiled/generic_tests/not_null_silver_runways_runway_id.sql
02:16:46.247169 [debug]: Compiled SQL for node test.airstats.unique_src_airport_comments_comment_id.fcf95d71e9 at target/compiled/generic_tests/unique_src_airport_comments_comment_id.sql
02:16:46.247188 [debug]: Compiled SQL for node test.airstats.unique_silver_runways_runway_id.fdfdb1e0d5 at target/compiled/generic_tests/unique_silver_runways_runway_id.sql
02:16:46.247190 [debug]: Started analyzing test DEV_dbt_test__audit.not_null_src_runways_airport_ident
02:16:46.247205 [debug]: Finished rendering [  0.00s] test DEV_dbt_test__audit.not_null_silver_airport_comments_member_nickname [success]
02:16:46.247233 [debug]: Started analyzing test DEV_dbt_test__audit.not_null_silver_airport_comments_member_nickname
02:16:46.247241 [debug]: Finished rendering [  0.00s] test DEV_dbt_test__audit.unique_src_airports_airport_ident [success]
02:16:46.247257 [debug]: Started analyzing test DEV_dbt_test__audit.unique_src_airports_airport_ident
02:16:46.247262 [debug]: Finished rendering [  0.00s] test DEV_dbt_test__audit.unique_silver_airports_airport_ident [success]
02:16:46.247276 [debug]: Started analyzing test DEV_dbt_test__audit.unique_silver_airports_airport_ident
02:16:46.247282 [debug]: Finished rendering [  0.00s] test DEV_dbt_test__audit.not_null_silver_airport_comments_comment_body [success]
02:16:46.247293 [debug]: Started analyzing test DEV_dbt_test__audit.not_null_silver_airport_comments_comment_body
02:16:46.247298 [debug]: Finished rendering [  0.00s] test DEV_dbt_test__audit.not_null_silver_runways_runway_id [success]
02:16:46.247308 [debug]: Started analyzing test DEV_dbt_test__audit.not_null_silver_runways_runway_id
02:16:46.247313 [debug]: Finished rendering [  0.00s] test DEV_dbt_test__audit.not_null_src_runways_runway_id [success]
02:16:46.247317 [debug]: Started analyzing test DEV_dbt_test__audit.not_null_src_runways_runway_id
02:16:46.247321 [debug]: Finished rendering [  0.00s] test DEV_dbt_test__audit.unique_src_airport_comments_comment_id [success]
02:16:46.247324 [debug]: Started analyzing test DEV_dbt_test__audit.unique_src_airport_comments_comment_id
02:16:46.247329 [debug]: Finished rendering [  0.00s] test DEV_dbt_test__audit.unique_silver_runways_runway_id [success]
02:16:46.247332 [info ]: Finished rendering [  0.00s] (15 nodes, 0 skipped, 0 errors)
02:16:46.247340 [debug]: Started analyzing test DEV_dbt_test__audit.unique_silver_runways_runway_id
02:16:46.295169 [debug]: Finished analyzing [  0.05s] test DEV_dbt_test__audit.not_null_src_airport_comments_comment_id [success]
02:16:46.295246 [info ]: Started running (15 nodes)
02:16:46.295281 [debug]: Started running test DEV_dbt_test__audit.not_null_src_airport_comments_comment_id
02:16:46.295294 [debug]: Finished analyzing [  0.05s] test DEV_dbt_test__audit.not_null_src_airports_airport_ident [success]
02:16:46.295310 [debug]: Started running test DEV_dbt_test__audit.not_null_src_airports_airport_ident
02:16:46.295317 [debug]: Finished analyzing [  0.05s] test DEV_dbt_test__audit.not_null_silver_airports_airport_ident [success]
02:16:46.295331 [debug]: Started running test DEV_dbt_test__audit.not_null_silver_airports_airport_ident
02:16:46.295403 [debug]: Finished analyzing [  0.05s] test DEV_dbt_test__audit.not_null_src_runways_airport_ident [success]
02:16:46.295538 [debug]: Started running test DEV_dbt_test__audit.not_null_src_runways_airport_ident
02:16:46.295562 [debug]: Finished analyzing [  0.05s] test DEV_dbt_test__audit.not_null_silver_airport_comments_comment_id [success]
02:16:46.295596 [debug]: Started running test DEV_dbt_test__audit.not_null_silver_airport_comments_comment_id
02:16:46.295615 [debug]: Finished analyzing [  0.05s] test DEV_dbt_test__audit.not_null_silver_airport_comments_member_nickname [success]
02:16:46.295687 [debug]: Started running test DEV_dbt_test__audit.not_null_silver_airport_comments_member_nickname
02:16:46.296054 [debug]: Finished analyzing [  0.05s] test DEV_dbt_test__audit.not_null_src_runways_runway_id [success]
02:16:46.296142 [debug]: Started running test DEV_dbt_test__audit.not_null_src_runways_runway_id
02:16:46.296578 [debug]: Finished analyzing [  0.05s] test DEV_dbt_test__audit.not_null_silver_airport_comments_comment_body [success]
02:16:46.296641 [debug]: Started running test DEV_dbt_test__audit.not_null_silver_airport_comments_comment_body
02:16:46.296811 [debug]: Finished analyzing [  0.05s] test DEV_dbt_test__audit.not_null_silver_runways_runway_id [success]
02:16:46.296833 [debug]: Started running test DEV_dbt_test__audit.not_null_silver_runways_runway_id
02:16:46.297772 [debug]: Writing runtime sql for node "test.airstats.not_null_src_airports_airport_ident.07349ac3ef"
02:16:46.297853 [debug]: Writing runtime sql for node "test.airstats.not_null_silver_airport_comments_member_nickname.37aa0f2aa3"
02:16:46.297882 [debug]: Writing runtime sql for node "test.airstats.not_null_src_runways_runway_id.47ef077803"
02:16:46.297948 [debug]: Writing runtime sql for node "test.airstats.not_null_src_airport_comments_comment_id.8ca3c09d27"
02:16:46.298062 [debug]: Writing runtime sql for node "test.airstats.not_null_silver_airports_airport_ident.23a9200d75"
02:16:46.298128 [debug]: Writing runtime sql for node "test.airstats.not_null_silver_airport_comments_comment_id.e7a61a7a48"
02:16:46.298283 [debug]: Writing runtime sql for node "test.airstats.not_null_src_runways_airport_ident.2583f32a06"
02:16:46.298802 [debug]: Finished analyzing [  0.05s] test DEV_dbt_test__audit.unique_silver_airport_comments_comment_id [success]
02:16:46.298835 [debug]: Started running test DEV_dbt_test__audit.unique_silver_airport_comments_comment_id
02:16:46.298845 [debug]: Finished analyzing [  0.05s] test DEV_dbt_test__audit.unique_silver_runways_runway_id [success]
02:16:46.298858 [debug]: Started running test DEV_dbt_test__audit.unique_silver_runways_runway_id
02:16:46.298864 [debug]: Finished analyzing [  0.05s] test DEV_dbt_test__audit.unique_silver_airports_airport_ident [success]
02:16:46.298871 [debug]: Started running test DEV_dbt_test__audit.unique_silver_airports_airport_ident
02:16:46.298981 [debug]: Finished analyzing [  0.05s] test DEV_dbt_test__audit.unique_src_airports_airport_ident [success]
02:16:46.299031 [debug]: Started running test DEV_dbt_test__audit.unique_src_airports_airport_ident
02:16:46.299056 [debug]: Writing runtime sql for node "test.airstats.not_null_silver_airport_comments_comment_body.7618290c46"
02:16:46.299095 [debug]: Writing runtime sql for node "test.airstats.not_null_silver_runways_runway_id.946f785ae9"
02:16:46.299183 [debug]: Finished analyzing [  0.05s] test DEV_dbt_test__audit.unique_src_airport_comments_comment_id [success]
02:16:46.299226 [debug]: Started running test DEV_dbt_test__audit.unique_src_airport_comments_comment_id
02:16:46.299245 [debug]: Finished analyzing [  0.05s] test DEV_dbt_test__audit.unique_src_runways_runway_id [success]
02:16:46.299260 [info ]: Finished analyzing [  0.05s] (15 nodes, 0 skipped, 0 errors)
02:16:46.299285 [debug]: Started running test DEV_dbt_test__audit.unique_src_runways_runway_id
02:16:46.300746 [debug]: Writing runtime sql for node "test.airstats.unique_silver_airport_comments_comment_id.c911e15327"
02:16:46.300758 [debug]: Writing runtime sql for node "test.airstats.unique_silver_runways_runway_id.fdfdb1e0d5"
02:16:46.301278 [debug]: Writing runtime sql for node "test.airstats.unique_src_airport_comments_comment_id.fcf95d71e9"
02:16:46.301570 [debug]: Writing runtime sql for node "test.airstats.unique_src_airports_airport_ident.8ef120bfc3"
02:16:46.301788 [debug]: Writing runtime sql for node "test.airstats.unique_silver_airports_airport_ident.e1d5a10237"
02:16:46.301954 [debug]: Writing runtime sql for node "test.airstats.unique_src_runways_runway_id.7deef2bd78"
02:16:46.772895 [debug]: Query executed on node test.airstats.not_null_silver_runways_runway_id.946f785ae9:
select
      count(*) as failures,
      count(*) != 0 as should_warn,
      count(*) != 0 as should_error
    from (
      
    
  
    
    



select runway_id
from AIRSTATS.DEV.silver_runways
where runway_id is null



  
  
      
    ) dbt_internal_test
/* {"app": "dbt", "dbt_version": "2.0.0", "node_id": "test.airstats.not_null_silver_runways_runway_id.946f785ae9", "profile_name": "airstats", "target_name": "dev"} */
02:16:46.775816 [info ]:     Passed [  0.53s] test  DEV_dbt_test__audit.not_null_silver_runways_runway_id
02:16:46.775932 [debug]: Finished running [  0.48s] test DEV_dbt_test__audit.not_null_silver_runways_runway_id [pass]
02:16:46.868996 [debug]: Query executed on node test.airstats.not_null_src_airport_comments_comment_id.8ca3c09d27:
select
      count(*) as failures,
      count(*) != 0 as should_warn,
      count(*) != 0 as should_error
    from (
      
    
  
    
    



select comment_id
from AIRSTATS.DEV.src_airport_comments
where comment_id is null



  
  
      
    ) dbt_internal_test
/* {"app": "dbt", "dbt_version": "2.0.0", "node_id": "test.airstats.not_null_src_airport_comments_comment_id.8ca3c09d27", "profile_name": "airstats", "target_name": "dev"} */
02:16:46.870516 [info ]:     Passed [  0.63s] test  DEV_dbt_test__audit.not_null_src_airport_comments_comment_id
02:16:46.870685 [debug]: Finished running [  0.58s] test DEV_dbt_test__audit.not_null_src_airport_comments_comment_id [pass]
02:16:46.939731 [debug]: Query executed on node test.airstats.unique_silver_airport_comments_comment_id.c911e15327:
select
      count(*) as failures,
      count(*) != 0 as should_warn,
      count(*) != 0 as should_error
    from (
      
    
  
    
    

select
    comment_id as unique_field,
    count(*) as n_records

from AIRSTATS.DEV.silver_airport_comments
where comment_id is not null
group by comment_id
having count(*) > 1



  
  
      
    ) dbt_internal_test
/* {"app": "dbt", "dbt_version": "2.0.0", "node_id": "test.airstats.unique_silver_airport_comments_comment_id.c911e15327", "profile_name": "airstats", "target_name": "dev"} */
02:16:46.941342 [info ]:     Passed [  0.70s] test  DEV_dbt_test__audit.unique_silver_airport_comments_comment_id
02:16:46.941467 [debug]: Finished running [  0.64s] test DEV_dbt_test__audit.unique_silver_airport_comments_comment_id [pass]
02:16:47.085459 [debug]: Query executed on node test.airstats.not_null_silver_airports_airport_ident.23a9200d75:
select
      count(*) as failures,
      count(*) != 0 as should_warn,
      count(*) != 0 as should_error
    from (
      
    
  
    
    



select airport_ident
from AIRSTATS.DEV.silver_airports
where airport_ident is null



  
  
      
    ) dbt_internal_test
/* {"app": "dbt", "dbt_version": "2.0.0", "node_id": "test.airstats.not_null_silver_airports_airport_ident.23a9200d75", "profile_name": "airstats", "target_name": "dev"} */
02:16:47.087125 [info ]:     Passed [  0.84s] test  DEV_dbt_test__audit.not_null_silver_airports_airport_ident
02:16:47.087278 [debug]: Query executed on node test.airstats.not_null_silver_airport_comments_member_nickname.37aa0f2aa3:
select
      count(*) as failures,
      count(*) != 0 as should_warn,
      count(*) != 0 as should_error
    from (
      
    
  
    
    



select member_nickname
from AIRSTATS.DEV.silver_airport_comments
where member_nickname is null



  
  
      
    ) dbt_internal_test
/* {"app": "dbt", "dbt_version": "2.0.0", "node_id": "test.airstats.not_null_silver_airport_comments_member_nickname.37aa0f2aa3", "profile_name": "airstats", "target_name": "dev"} */
02:16:47.087265 [debug]: Finished running [  0.79s] test DEV_dbt_test__audit.not_null_silver_airports_airport_ident [pass]
02:16:47.088297 [info ]:     Passed [  0.84s] test  DEV_dbt_test__audit.not_null_silver_airport_comments_member_nickname
02:16:47.088424 [debug]: Finished running [  0.79s] test DEV_dbt_test__audit.not_null_silver_airport_comments_member_nickname [pass]
02:16:47.124416 [debug]: Query executed on node test.airstats.unique_silver_runways_runway_id.fdfdb1e0d5:
select
      count(*) as failures,
      count(*) != 0 as should_warn,
      count(*) != 0 as should_error
    from (
      
    
  
    
    

select
    runway_id as unique_field,
    count(*) as n_records

from AIRSTATS.DEV.silver_runways
where runway_id is not null
group by runway_id
having count(*) > 1



  
  
      
    ) dbt_internal_test
/* {"app": "dbt", "dbt_version": "2.0.0", "node_id": "test.airstats.unique_silver_runways_runway_id.fdfdb1e0d5", "profile_name": "airstats", "target_name": "dev"} */
02:16:47.125138 [info ]:     Passed [  0.88s] test  DEV_dbt_test__audit.unique_silver_runways_runway_id
02:16:47.125193 [debug]: Finished running [  0.83s] test DEV_dbt_test__audit.unique_silver_runways_runway_id [pass]
02:16:47.126752 [debug]: Query executed on node test.airstats.not_null_src_airports_airport_ident.07349ac3ef:
select
      count(*) as failures,
      count(*) != 0 as should_warn,
      count(*) != 0 as should_error
    from (
      
    
  
    
    



select airport_ident
from AIRSTATS.DEV.src_airports
where airport_ident is null



  
  
      
    ) dbt_internal_test
/* {"app": "dbt", "dbt_version": "2.0.0", "node_id": "test.airstats.not_null_src_airports_airport_ident.07349ac3ef", "profile_name": "airstats", "target_name": "dev"} */
02:16:47.127431 [debug]: Query executed on node test.airstats.not_null_src_runways_runway_id.47ef077803:
select
      count(*) as failures,
      count(*) != 0 as should_warn,
      count(*) != 0 as should_error
    from (
      
    
  
    
    



select runway_id
from AIRSTATS.DEV.src_runways
where runway_id is null



  
  
      
    ) dbt_internal_test
/* {"app": "dbt", "dbt_version": "2.0.0", "node_id": "test.airstats.not_null_src_runways_runway_id.47ef077803", "profile_name": "airstats", "target_name": "dev"} */
02:16:47.127531 [info ]:     Passed [  0.88s] test  DEV_dbt_test__audit.not_null_src_airports_airport_ident
02:16:47.127568 [debug]: Finished running [  0.83s] test DEV_dbt_test__audit.not_null_src_airports_airport_ident [pass]
02:16:47.127832 [info ]:     Passed [  0.88s] test  DEV_dbt_test__audit.not_null_src_runways_runway_id
02:16:47.127854 [debug]: Finished running [  0.83s] test DEV_dbt_test__audit.not_null_src_runways_runway_id [pass]
02:16:47.145032 [debug]: Query executed on node test.airstats.not_null_src_runways_airport_ident.2583f32a06:
select
      count(*) as failures,
      count(*) != 0 as should_warn,
      count(*) != 0 as should_error
    from (
      
    
  
    
    



select airport_ident
from AIRSTATS.DEV.src_runways
where airport_ident is null



  
  
      
    ) dbt_internal_test
/* {"app": "dbt", "dbt_version": "2.0.0", "node_id": "test.airstats.not_null_src_runways_airport_ident.2583f32a06", "profile_name": "airstats", "target_name": "dev"} */
02:16:47.145587 [info ]:     Passed [  0.90s] test  DEV_dbt_test__audit.not_null_src_runways_airport_ident
02:16:47.145634 [debug]: Finished running [  0.85s] test DEV_dbt_test__audit.not_null_src_runways_airport_ident [pass]
02:16:47.187920 [debug]: Query executed on node test.airstats.unique_src_airports_airport_ident.8ef120bfc3:
select
      count(*) as failures,
      count(*) != 0 as should_warn,
      count(*) != 0 as should_error
    from (
      
    
  
    
    

select
    airport_ident as unique_field,
    count(*) as n_records

from AIRSTATS.DEV.src_airports
where airport_ident is not null
group by airport_ident
having count(*) > 1



  
  
      
    ) dbt_internal_test
/* {"app": "dbt", "dbt_version": "2.0.0", "node_id": "test.airstats.unique_src_airports_airport_ident.8ef120bfc3", "profile_name": "airstats", "target_name": "dev"} */
02:16:47.188437 [info ]:     Passed [  0.94s] test  DEV_dbt_test__audit.unique_src_airports_airport_ident
02:16:47.188474 [debug]: Finished running [  0.89s] test DEV_dbt_test__audit.unique_src_airports_airport_ident [pass]
02:16:47.255119 [debug]: Query executed on node test.airstats.unique_src_airport_comments_comment_id.fcf95d71e9:
select
      count(*) as failures,
      count(*) != 0 as should_warn,
      count(*) != 0 as should_error
    from (
      
    
  
    
    

select
    comment_id as unique_field,
    count(*) as n_records

from AIRSTATS.DEV.src_airport_comments
where comment_id is not null
group by comment_id
having count(*) > 1



  
  
      
    ) dbt_internal_test
/* {"app": "dbt", "dbt_version": "2.0.0", "node_id": "test.airstats.unique_src_airport_comments_comment_id.fcf95d71e9", "profile_name": "airstats", "target_name": "dev"} */
02:16:47.255763 [info ]:     Passed [  1.01s] test  DEV_dbt_test__audit.unique_src_airport_comments_comment_id
02:16:47.255811 [debug]: Finished running [  0.96s] test DEV_dbt_test__audit.unique_src_airport_comments_comment_id [pass]
02:16:47.340728 [debug]: Query executed on node test.airstats.not_null_silver_airport_comments_comment_body.7618290c46:
select
      count(*) as failures,
      count(*) != 0 as should_warn,
      count(*) != 0 as should_error
    from (
      
    
  
    
    



select comment_body
from AIRSTATS.DEV.silver_airport_comments
where comment_body is null



  
  
      
    ) dbt_internal_test
/* {"app": "dbt", "dbt_version": "2.0.0", "node_id": "test.airstats.not_null_silver_airport_comments_comment_body.7618290c46", "profile_name": "airstats", "target_name": "dev"} */
02:16:47.342233 [info ]:     Passed [  1.10s] test  DEV_dbt_test__audit.not_null_silver_airport_comments_comment_body
02:16:47.342441 [debug]: Finished running [  1.05s] test DEV_dbt_test__audit.not_null_silver_airport_comments_comment_body [pass]
02:16:47.362083 [debug]: Query executed on node test.airstats.not_null_silver_airport_comments_comment_id.e7a61a7a48:
select
      count(*) as failures,
      count(*) != 0 as should_warn,
      count(*) != 0 as should_error
    from (
      
    
  
    
    



select comment_id
from AIRSTATS.DEV.silver_airport_comments
where comment_id is null



  
  
      
    ) dbt_internal_test
/* {"app": "dbt", "dbt_version": "2.0.0", "node_id": "test.airstats.not_null_silver_airport_comments_comment_id.e7a61a7a48", "profile_name": "airstats", "target_name": "dev"} */
02:16:47.363334 [info ]:     Passed [  1.12s] test  DEV_dbt_test__audit.not_null_silver_airport_comments_comment_id
02:16:47.363451 [debug]: Finished running [  1.07s] test DEV_dbt_test__audit.not_null_silver_airport_comments_comment_id [pass]
02:16:47.373213 [debug]: Query executed on node test.airstats.unique_src_runways_runway_id.7deef2bd78:
select
      count(*) as failures,
      count(*) != 0 as should_warn,
      count(*) != 0 as should_error
    from (
      
    
  
    
    

select
    runway_id as unique_field,
    count(*) as n_records

from AIRSTATS.DEV.src_runways
where runway_id is not null
group by runway_id
having count(*) > 1



  
  
      
    ) dbt_internal_test
/* {"app": "dbt", "dbt_version": "2.0.0", "node_id": "test.airstats.unique_src_runways_runway_id.7deef2bd78", "profile_name": "airstats", "target_name": "dev"} */
02:16:47.374115 [info ]:     Passed [  1.13s] test  DEV_dbt_test__audit.unique_src_runways_runway_id
02:16:47.374199 [debug]: Finished running [  1.07s] test DEV_dbt_test__audit.unique_src_runways_runway_id [pass]
02:16:47.422612 [debug]: Query executed on node test.airstats.unique_silver_airports_airport_ident.e1d5a10237:
select
      count(*) as failures,
      count(*) != 0 as should_warn,
      count(*) != 0 as should_error
    from (
      
    
  
    
    

select
    airport_ident as unique_field,
    count(*) as n_records

from AIRSTATS.DEV.silver_airports
where airport_ident is not null
group by airport_ident
having count(*) > 1



  
  
      
    ) dbt_internal_test
/* {"app": "dbt", "dbt_version": "2.0.0", "node_id": "test.airstats.unique_silver_airports_airport_ident.e1d5a10237", "profile_name": "airstats", "target_name": "dev"} */
02:16:47.423689 [info ]:     Passed [  1.18s] test  DEV_dbt_test__audit.unique_silver_airports_airport_ident
02:16:47.423791 [debug]: Finished running [  1.12s] test DEV_dbt_test__audit.unique_silver_airports_airport_ident [pass]
02:16:47.423833 [info ]: Finished running [  1.13s] (15 nodes, 0 skipped, 0 errors)
02:16:47.484585 [info ]: 
==================== Execution Summary =====================
Finished 'test' successfully for target 'dev' [2.1s]
Processed: 15 tests
Summary: 15 total | 15 success
==================== 2026-03-24T02:23:20.271380Z | 019d1da7-5abd-7e31-98aa-a04d29966afa ====================
02:23:20.274448 [info ]: dbt-fusion 2.0.0-preview.154
02:23:20.279781 [info ]: Started loading project
02:23:20.303955 [info ]: Loading profiles.yml
02:23:20.429134 [debug]:    Started loading packages
02:23:20.437871 [debug]:     Loaded [  0.01s] packages
02:23:20.444562 [info ]: Finished loading project [  0.16s]
02:23:20.448572 [info ]: Started parsing
02:23:20.483342 [debug]: Finished parsing models/sources.yml [  0.01s]
02:23:20.484027 [debug]: Finished parsing models/tests.yml [  0.00s]
02:23:20.499106 [debug]: Finished parsing target/snapshots/scd_silver_airports.sql [  0.01s]
02:23:20.499248 [debug]: Finished parsing target/snapshots/scd_silver_runways.sql [  0.00s]
02:23:20.501146 [debug]: Finished parsing models/bronze/src_airport_comments.sql [  0.00s]
02:23:20.501358 [debug]: Finished parsing models/bronze/src_airports.sql [  0.00s]
02:23:20.501542 [debug]: Finished parsing models/bronze/src_runways.sql [  0.00s]
02:23:20.502440 [debug]: Finished parsing models/silver/silver_airport_comments.sql [  0.00s]
02:23:20.502640 [debug]: Finished parsing models/silver/silver_airports.sql [  0.00s]
02:23:20.502825 [debug]: Finished parsing models/silver/silver_runways.sql [  0.00s]
02:23:20.512109 [debug]: Finished parsing target/generic_tests/not_null_silver_airport_comments_comment_body.sql [  0.00s]
02:23:20.512231 [debug]: Finished parsing target/generic_tests/not_null_silver_airport_comments_comment_id.sql [  0.00s]
02:23:20.512342 [debug]: Finished parsing target/generic_tests/unique_silver_airport_comments_comment_id.sql [  0.00s]
02:23:20.512465 [debug]: Finished parsing target/generic_tests/not_null_silver_airport_comments_member_nickname.sql [  0.00s]
02:23:20.512577 [debug]: Finished parsing target/generic_tests/not_null_silver_airports_airport_ident.sql [  0.00s]
02:23:20.512686 [debug]: Finished parsing target/generic_tests/unique_silver_airports_airport_ident.sql [  0.00s]
02:23:20.512797 [debug]: Finished parsing target/generic_tests/not_null_silver_runways_runway_id.sql [  0.00s]
02:23:20.512903 [debug]: Finished parsing target/generic_tests/unique_silver_runways_runway_id.sql [  0.00s]
02:23:20.513011 [debug]: Finished parsing target/generic_tests/not_null_src_airport_comments_comment_id.sql [  0.00s]
02:23:20.513118 [debug]: Finished parsing target/generic_tests/unique_src_airport_comments_comment_id.sql [  0.00s]
02:23:20.513226 [debug]: Finished parsing target/generic_tests/not_null_src_airports_airport_ident.sql [  0.00s]
02:23:20.513332 [debug]: Finished parsing target/generic_tests/unique_src_airports_airport_ident.sql [  0.00s]
02:23:20.513442 [debug]: Finished parsing target/generic_tests/not_null_src_runways_airport_ident.sql [  0.00s]
02:23:20.513551 [debug]: Finished parsing target/generic_tests/not_null_src_runways_runway_id.sql [  0.00s]
02:23:20.513658 [debug]: Finished parsing target/generic_tests/unique_src_runways_runway_id.sql [  0.00s]
02:23:20.518166 [info ]: Finished parsing [  0.07s]
02:23:20.521706 [info ]: Started scheduling
02:23:20.523475 [info ]: Finished scheduling [  0.00s]
02:23:20.529750 [debug]: Initializing schema store with entry: Frontier(CanonicalFqn { catalog: "AIRSTATS", schema: "DEV", table: "SRC_AIRPORT_COMMENTS" }) and interval: None
02:23:20.534202 [debug]:    Started downloading relations (1 items)
02:23:21.108213 [debug]: Query executed on node unknown:
SHOW OBJECTS IN SCHEMA "AIRSTATS"."DEV" LIMIT 10000
02:23:21.363269 [debug]:   Finished [  0.83s] downloading relations (1 items)
02:23:21.363604 [info ]: Started downloading schemas
02:23:21.709051 [debug]: Query executed on node unknown:
describe table "AIRSTATS"."DEV"."SILVER_AIRPORT_COMMENTS"
02:23:21.852171 [info ]: Downloaded AIRSTATS.DEV.silver_airport_comments (schema)
02:23:21.856615 [info ]: Finished downloading schemas [  0.49s]
02:23:21.936933 [info ]: Started building task graph
02:23:21.938387 [info ]: Finished building task graph [  0.00s]
02:23:22.292856 [debug]: Query executed on node unknown:
show terse schemas in database AIRSTATS
    limit 10000
/* {"app": "dbt", "connection_name": "", "dbt_version": "2.0.0", "profile_name": "airstats", "target_name": "dev"} */
02:23:22.300801 [info ]: Started rendering (1 nodes)
02:23:22.301678 [info ]: Started model DEV.silver_airport_comments
02:23:22.302372 [debug]: Started rendering model DEV.silver_airport_comments
02:23:22.319728 [debug]: Compiled SQL for node model.airstats.silver_airport_comments at target/compiled/models/silver/silver_airport_comments.sql
02:23:22.320156 [debug]: Finished rendering [  0.02s] model DEV.silver_airport_comments [success]
02:23:22.320220 [info ]: Finished rendering [  0.02s] (1 nodes, 0 skipped, 0 errors)
02:23:22.320275 [info ]: Started analyzing (1 nodes)
02:23:22.320310 [debug]: Started analyzing model DEV.silver_airport_comments
02:23:22.438450 [debug]: Finished analyzing [  0.12s] model DEV.silver_airport_comments [success]
02:23:22.438491 [info ]: Finished analyzing [  0.12s] (1 nodes, 0 skipped, 0 errors)
02:23:22.438529 [info ]: Started running (1 nodes)
02:23:22.438549 [debug]: Started running model DEV.silver_airport_comments
02:23:22.441914 [debug]: Invalid value for on_schema_change (None) specified. Setting default value of ignore.
02:23:23.151261 [debug]: Query executed on node model.airstats.silver_airport_comments:
create or replace  temporary view AIRSTATS.DEV.silver_airport_comments__dbt_tmp
  
  
  
  
  as (
    

with source as (

    select *
    from AIRSTATS.DEV.src_airport_comments

),

cleaned as (

    select
        comment_id,
        airport_ident,
        comment_timestamp,
        coalesce(member_nickname, '__UNKNOWN__') as member_nickname,
        comment_subject,
        comment_body

    from source

    where comment_body is not null
      and comment_body != ''

)

select
    *,
    current_timestamp() as loaded_at
from cleaned


where comment_id > (select max(comment_id) from AIRSTATS.DEV.silver_airport_comments)

  )
/* {"app": "dbt", "dbt_version": "2.0.0", "node_id": "model.airstats.silver_airport_comments", "profile_name": "airstats", "target_name": "dev"} */
02:23:23.317080 [debug]: Query executed on node model.airstats.silver_airport_comments:
describe table AIRSTATS.DEV.silver_airport_comments__dbt_tmp
/* {"app": "dbt", "dbt_version": "2.0.0", "node_id": "model.airstats.silver_airport_comments", "profile_name": "airstats", "target_name": "dev"} */
02:23:23.397978 [debug]: Query executed on node model.airstats.silver_airport_comments:
describe table AIRSTATS.DEV.silver_airport_comments
/* {"app": "dbt", "dbt_version": "2.0.0", "node_id": "model.airstats.silver_airport_comments", "profile_name": "airstats", "target_name": "dev"} */
02:23:23.475936 [debug]: Query executed on node model.airstats.silver_airport_comments:
describe table "AIRSTATS"."DEV"."SILVER_AIRPORT_COMMENTS"
/* {"app": "dbt", "dbt_version": "2.0.0", "node_id": "model.airstats.silver_airport_comments", "profile_name": "airstats", "target_name": "dev"} */
02:23:23.482114 [debug]: Writing runtime sql for node "model.airstats.silver_airport_comments"
02:23:23.601100 [debug]: Query executed on node model.airstats.silver_airport_comments:
-- back compat for old kwarg name
  
  begin
/* {"app": "dbt", "dbt_version": "2.0.0", "node_id": "model.airstats.silver_airport_comments", "profile_name": "airstats", "target_name": "dev"} */
02:23:24.299087 [debug]: Query executed on node model.airstats.silver_airport_comments:

    
        
            
	    
	    
            
        
    

    

    merge into AIRSTATS.DEV.silver_airport_comments as DBT_INTERNAL_DEST
        using AIRSTATS.DEV.silver_airport_comments__dbt_tmp as DBT_INTERNAL_SOURCE
        on ((DBT_INTERNAL_SOURCE.comment_id = DBT_INTERNAL_DEST.comment_id))

    
    when matched then update set
        "COMMENT_ID" = DBT_INTERNAL_SOURCE."COMMENT_ID","AIRPORT_IDENT" = DBT_INTERNAL_SOURCE."AIRPORT_IDENT","COMMENT_TIMESTAMP" = DBT_INTERNAL_SOURCE."COMMENT_TIMESTAMP","MEMBER_NICKNAME" = DBT_INTERNAL_SOURCE."MEMBER_NICKNAME","COMMENT_SUBJECT" = DBT_INTERNAL_SOURCE."COMMENT_SUBJECT","COMMENT_BODY" = DBT_INTERNAL_SOURCE."COMMENT_BODY","LOADED_AT" = DBT_INTERNAL_SOURCE."LOADED_AT"
    

    when not matched then insert
        ("COMMENT_ID", "AIRPORT_IDENT", "COMMENT_TIMESTAMP", "MEMBER_NICKNAME", "COMMENT_SUBJECT", "COMMENT_BODY", "LOADED_AT")
    values
        ("COMMENT_ID", "AIRPORT_IDENT", "COMMENT_TIMESTAMP", "MEMBER_NICKNAME", "COMMENT_SUBJECT", "COMMENT_BODY", "LOADED_AT")


/* {"app": "dbt", "dbt_version": "2.0.0", "node_id": "model.airstats.silver_airport_comments", "profile_name": "airstats", "target_name": "dev"} */
02:23:24.421561 [debug]: Query executed on node model.airstats.silver_airport_comments:

    commit
/* {"app": "dbt", "dbt_version": "2.0.0", "node_id": "model.airstats.silver_airport_comments", "profile_name": "airstats", "target_name": "dev"} */
02:23:24.422870 [debug]: Applying DROP to: AIRSTATS.DEV.silver_airport_comments__dbt_tmp
02:23:24.612964 [debug]: Query executed on node model.airstats.silver_airport_comments:
drop view if exists AIRSTATS.DEV.silver_airport_comments__dbt_tmp cascade
/* {"app": "dbt", "dbt_version": "2.0.0", "node_id": "model.airstats.silver_airport_comments", "profile_name": "airstats", "target_name": "dev"} */
02:23:24.615217 [info ]:  Succeeded [  2.31s] model DEV.silver_airport_comments (incremental)
02:23:24.615268 [debug]: Finished running [  2.18s] model DEV.silver_airport_comments [success]
02:23:24.615289 [info ]: Finished running [  2.18s] (1 nodes, 0 skipped, 0 errors)
02:23:24.674822 [info ]: 
==================== Execution Summary =====================
Finished 'run' successfully for target 'dev' [4.4s]
Processed: 1 model
Summary: 1 total | 1 success
==================== 2026-03-24T02:27:49.484208Z | 019d1dab-766b-7a52-abcc-c389b164c881 ====================
02:27:49.484251 [info ]: dbt-fusion 2.0.0-preview.154
02:27:49.484323 [info ]: Started loading project
02:27:49.484703 [info ]: Loading profiles.yml
02:27:49.577379 [debug]:    Started loading packages
02:27:49.577878 [debug]:     Loaded [  0.00s] packages
02:27:49.578181 [info ]: Finished loading project [  0.09s]
02:27:49.578339 [info ]: Started parsing
02:27:49.588612 [debug]: Finished parsing models/sources.yml [  0.00s]
02:27:49.588734 [debug]: Finished parsing models/tests.yml [  0.00s]
02:27:49.589596 [debug]: Finished parsing target/snapshots/scd_silver_airports.sql [  0.00s]
02:27:49.589720 [debug]: Finished parsing target/snapshots/scd_silver_runways.sql [  0.00s]
02:27:49.590132 [debug]: Finished parsing models/bronze/src_airport_comments.sql [  0.00s]
02:27:49.590266 [debug]: Finished parsing models/bronze/src_airports.sql [  0.00s]
02:27:49.590380 [debug]: Finished parsing models/bronze/src_runways.sql [  0.00s]
02:27:49.590592 [debug]: Finished parsing models/silver/silver_airport_comments.sql [  0.00s]
02:27:49.590736 [debug]: Finished parsing models/silver/silver_airports.sql [  0.00s]
02:27:49.590895 [debug]: Finished parsing models/silver/silver_runways.sql [  0.00s]
02:27:49.593539 [debug]: Finished parsing target/generic_tests/not_null_silver_airport_comments_comment_body.sql [  0.00s]
02:27:49.593674 [debug]: Finished parsing target/generic_tests/not_null_silver_airport_comments_comment_id.sql [  0.00s]
02:27:49.593793 [debug]: Finished parsing target/generic_tests/unique_silver_airport_comments_comment_id.sql [  0.00s]
02:27:49.593914 [debug]: Finished parsing target/generic_tests/not_null_silver_airport_comments_member_nickname.sql [  0.00s]
02:27:49.594034 [debug]: Finished parsing target/generic_tests/not_null_silver_airports_airport_ident.sql [  0.00s]
02:27:49.594148 [debug]: Finished parsing target/generic_tests/unique_silver_airports_airport_ident.sql [  0.00s]
02:27:49.594265 [debug]: Finished parsing target/generic_tests/not_null_silver_runways_runway_id.sql [  0.00s]
02:27:49.594378 [debug]: Finished parsing target/generic_tests/unique_silver_runways_runway_id.sql [  0.00s]
02:27:49.594494 [debug]: Finished parsing target/generic_tests/not_null_src_airport_comments_comment_id.sql [  0.00s]
02:27:49.594608 [debug]: Finished parsing target/generic_tests/unique_src_airport_comments_comment_id.sql [  0.00s]
02:27:49.594727 [debug]: Finished parsing target/generic_tests/not_null_src_airports_airport_ident.sql [  0.00s]
02:27:49.594841 [debug]: Finished parsing target/generic_tests/unique_src_airports_airport_ident.sql [  0.00s]
02:27:49.594955 [debug]: Finished parsing target/generic_tests/not_null_src_runways_airport_ident.sql [  0.00s]
02:27:49.595063 [debug]: Finished parsing target/generic_tests/not_null_src_runways_runway_id.sql [  0.00s]
02:27:49.595166 [debug]: Finished parsing target/generic_tests/unique_src_runways_runway_id.sql [  0.00s]
02:27:49.597096 [info ]: Finished parsing [  0.02s]
02:27:49.597294 [info ]: Started scheduling
02:27:49.597380 [info ]: Finished scheduling [  0.00s]
02:27:49.597500 [debug]: Initializing schema store with entry: Frontier(CanonicalFqn { catalog: "AIRSTATS", schema: "DEV", table: "SRC_AIRPORT_COMMENTS" }) and interval: None
02:27:49.597774 [debug]:    Started downloading relations (1 items)
02:27:50.132379 [debug]: Query executed on node unknown:
SHOW OBJECTS IN SCHEMA "AIRSTATS"."DEV" LIMIT 10000
02:27:50.451850 [debug]:   Finished [  0.85s] downloading relations (1 items)
02:27:50.451960 [info ]: Started downloading schemas
02:27:50.801884 [debug]: Query executed on node unknown:
describe table "AIRSTATS"."DEV"."SILVER_AIRPORT_COMMENTS"
02:27:50.928290 [info ]: Downloaded AIRSTATS.DEV.silver_airport_comments (schema)
02:27:50.929277 [info ]: Finished downloading schemas [  0.48s]
02:27:51.001033 [info ]: Started building task graph
02:27:51.001104 [info ]: Finished building task graph [  0.00s]
02:27:51.339961 [debug]: Query executed on node unknown:
show terse schemas in database AIRSTATS
    limit 10000
/* {"app": "dbt", "connection_name": "", "dbt_version": "2.0.0", "profile_name": "airstats", "target_name": "dev"} */
02:27:51.340502 [info ]: Started rendering (1 nodes)
02:27:51.340611 [info ]: Started model DEV.silver_airport_comments
02:27:51.340650 [debug]: Started rendering model DEV.silver_airport_comments
02:27:51.342920 [debug]: Compiled SQL for node model.airstats.silver_airport_comments at target/compiled/models/silver/silver_airport_comments.sql
02:27:51.343018 [debug]: Finished rendering [  0.00s] model DEV.silver_airport_comments [success]
02:27:51.343094 [info ]: Finished rendering [  0.00s] (1 nodes, 0 skipped, 0 errors)
02:27:51.343136 [info ]: Started analyzing (1 nodes)
02:27:51.343174 [debug]: Started analyzing model DEV.silver_airport_comments
02:27:51.399600 [debug]: Finished analyzing [  0.06s] model DEV.silver_airport_comments [success]
02:27:51.399646 [info ]: Finished analyzing [  0.06s] (1 nodes, 0 skipped, 0 errors)
02:27:51.399670 [info ]: Started running (1 nodes)
02:27:51.399694 [debug]: Started running model DEV.silver_airport_comments
02:27:51.400581 [debug]: Invalid value for on_schema_change (None) specified. Setting default value of ignore.
02:27:52.034791 [debug]: Query executed on node model.airstats.silver_airport_comments:
create or replace  temporary view AIRSTATS.DEV.silver_airport_comments__dbt_tmp
  
  
  
  
  as (
    

with source as (

    select *
    from AIRSTATS.DEV.src_airport_comments

),

cleaned as (

    select
        comment_id,
        airport_ident,
        comment_timestamp,
        coalesce(member_nickname, '__UNKNOWN__') as member_nickname,
        comment_subject,
        comment_body

    from source

    where comment_body is not null
      and comment_body != ''

)

select
    *,
    current_timestamp() as loaded_at
from cleaned


where comment_id > (select max(comment_id) from AIRSTATS.DEV.silver_airport_comments)

  )
/* {"app": "dbt", "dbt_version": "2.0.0", "node_id": "model.airstats.silver_airport_comments", "profile_name": "airstats", "target_name": "dev"} */
02:27:52.122884 [debug]: Query executed on node model.airstats.silver_airport_comments:
describe table AIRSTATS.DEV.silver_airport_comments__dbt_tmp
/* {"app": "dbt", "dbt_version": "2.0.0", "node_id": "model.airstats.silver_airport_comments", "profile_name": "airstats", "target_name": "dev"} */
02:27:52.219227 [debug]: Query executed on node model.airstats.silver_airport_comments:
describe table AIRSTATS.DEV.silver_airport_comments
/* {"app": "dbt", "dbt_version": "2.0.0", "node_id": "model.airstats.silver_airport_comments", "profile_name": "airstats", "target_name": "dev"} */
02:27:52.388260 [debug]: Query executed on node model.airstats.silver_airport_comments:
describe table "AIRSTATS"."DEV"."SILVER_AIRPORT_COMMENTS"
/* {"app": "dbt", "dbt_version": "2.0.0", "node_id": "model.airstats.silver_airport_comments", "profile_name": "airstats", "target_name": "dev"} */
02:27:52.393420 [debug]: Writing runtime sql for node "model.airstats.silver_airport_comments"
02:27:52.576288 [debug]: Query executed on node model.airstats.silver_airport_comments:
-- back compat for old kwarg name
  
  begin
/* {"app": "dbt", "dbt_version": "2.0.0", "node_id": "model.airstats.silver_airport_comments", "profile_name": "airstats", "target_name": "dev"} */
02:27:53.241166 [debug]: Query executed on node model.airstats.silver_airport_comments:

    
        
            
	    
	    
            
        
    

    

    merge into AIRSTATS.DEV.silver_airport_comments as DBT_INTERNAL_DEST
        using AIRSTATS.DEV.silver_airport_comments__dbt_tmp as DBT_INTERNAL_SOURCE
        on ((DBT_INTERNAL_SOURCE.comment_id = DBT_INTERNAL_DEST.comment_id))

    
    when matched then update set
        "COMMENT_ID" = DBT_INTERNAL_SOURCE."COMMENT_ID","AIRPORT_IDENT" = DBT_INTERNAL_SOURCE."AIRPORT_IDENT","COMMENT_TIMESTAMP" = DBT_INTERNAL_SOURCE."COMMENT_TIMESTAMP","MEMBER_NICKNAME" = DBT_INTERNAL_SOURCE."MEMBER_NICKNAME","COMMENT_SUBJECT" = DBT_INTERNAL_SOURCE."COMMENT_SUBJECT","COMMENT_BODY" = DBT_INTERNAL_SOURCE."COMMENT_BODY","LOADED_AT" = DBT_INTERNAL_SOURCE."LOADED_AT"
    

    when not matched then insert
        ("COMMENT_ID", "AIRPORT_IDENT", "COMMENT_TIMESTAMP", "MEMBER_NICKNAME", "COMMENT_SUBJECT", "COMMENT_BODY", "LOADED_AT")
    values
        ("COMMENT_ID", "AIRPORT_IDENT", "COMMENT_TIMESTAMP", "MEMBER_NICKNAME", "COMMENT_SUBJECT", "COMMENT_BODY", "LOADED_AT")


/* {"app": "dbt", "dbt_version": "2.0.0", "node_id": "model.airstats.silver_airport_comments", "profile_name": "airstats", "target_name": "dev"} */
02:27:53.377214 [debug]: Query executed on node model.airstats.silver_airport_comments:

    commit
/* {"app": "dbt", "dbt_version": "2.0.0", "node_id": "model.airstats.silver_airport_comments", "profile_name": "airstats", "target_name": "dev"} */
02:27:53.378239 [debug]: Applying DROP to: AIRSTATS.DEV.silver_airport_comments__dbt_tmp
02:27:53.499794 [debug]: Query executed on node model.airstats.silver_airport_comments:
drop view if exists AIRSTATS.DEV.silver_airport_comments__dbt_tmp cascade
/* {"app": "dbt", "dbt_version": "2.0.0", "node_id": "model.airstats.silver_airport_comments", "profile_name": "airstats", "target_name": "dev"} */
02:27:53.501784 [info ]:  Succeeded [  2.16s] model DEV.silver_airport_comments (incremental)
02:27:53.501904 [debug]: Finished running [  2.10s] model DEV.silver_airport_comments [success]
02:27:53.501954 [info ]: Finished running [  2.10s] (1 nodes, 0 skipped, 0 errors)
02:27:53.559343 [info ]: 
==================== Execution Summary =====================
Finished 'run' successfully for target 'dev' [4.1s]
Processed: 1 model
Summary: 1 total | 1 success
==================== 2026-03-24T02:36:21.650553Z | 019d1db3-46fd-71d1-997c-d5f1376cc58b ====================
02:36:21.653549 [info ]: dbt-fusion 2.0.0-preview.154
02:36:21.658895 [info ]: Started loading project
02:36:21.682826 [info ]: Loading profiles.yml
02:36:21.807240 [debug]:    Started loading packages
02:36:21.816509 [debug]:     Loaded [  0.01s] packages
02:36:21.823057 [info ]: Finished loading project [  0.16s]
02:36:21.827336 [info ]: Started parsing
02:36:21.861999 [debug]: Finished parsing models/sources.yml [  0.01s]
02:36:21.862798 [debug]: Finished parsing models/tests.yml [  0.00s]
02:36:21.879313 [debug]: Finished parsing target/snapshots/scd_silver_airports.sql [  0.01s]
02:36:21.879457 [debug]: Finished parsing target/snapshots/scd_silver_runways.sql [  0.00s]
02:36:21.881450 [debug]: Finished parsing models/bronze/src_airport_comments.sql [  0.00s]
02:36:21.881685 [debug]: Finished parsing models/bronze/src_airports.sql [  0.00s]
02:36:21.881901 [debug]: Finished parsing models/bronze/src_runways.sql [  0.00s]
02:36:21.882804 [debug]: Finished parsing models/silver/silver_airport_comments.sql [  0.00s]
02:36:21.883019 [debug]: Finished parsing models/silver/silver_airports.sql [  0.00s]
02:36:21.883224 [debug]: Finished parsing models/silver/silver_runways.sql [  0.00s]
02:36:21.893780 [debug]: Finished parsing target/generic_tests/not_null_silver_airport_comments_comment_body.sql [  0.00s]
02:36:21.893951 [debug]: Finished parsing target/generic_tests/not_null_silver_airport_comments_comment_id.sql [  0.00s]
02:36:21.894083 [debug]: Finished parsing target/generic_tests/unique_silver_airport_comments_comment_id.sql [  0.00s]
02:36:21.894206 [debug]: Finished parsing target/generic_tests/not_null_silver_airport_comments_member_nickname.sql [  0.00s]
02:36:21.894329 [debug]: Finished parsing target/generic_tests/not_null_silver_airports_airport_ident.sql [  0.00s]
02:36:21.894440 [debug]: Finished parsing target/generic_tests/unique_silver_airports_airport_ident.sql [  0.00s]
02:36:21.894559 [debug]: Finished parsing target/generic_tests/not_null_silver_runways_runway_id.sql [  0.00s]
02:36:21.894682 [debug]: Finished parsing target/generic_tests/unique_silver_runways_runway_id.sql [  0.00s]
02:36:21.894796 [debug]: Finished parsing target/generic_tests/not_null_src_airport_comments_comment_id.sql [  0.00s]
02:36:21.894931 [debug]: Finished parsing target/generic_tests/unique_src_airport_comments_comment_id.sql [  0.00s]
02:36:21.895123 [debug]: Finished parsing target/generic_tests/not_null_src_airports_airport_ident.sql [  0.00s]
02:36:21.895261 [debug]: Finished parsing target/generic_tests/unique_src_airports_airport_ident.sql [  0.00s]
02:36:21.895418 [debug]: Finished parsing target/generic_tests/not_null_src_runways_airport_ident.sql [  0.00s]
02:36:21.895552 [debug]: Finished parsing target/generic_tests/not_null_src_runways_runway_id.sql [  0.00s]
02:36:21.895679 [debug]: Finished parsing target/generic_tests/unique_src_runways_runway_id.sql [  0.00s]
02:36:21.900221 [info ]: Finished parsing [  0.07s]
02:36:21.903800 [info ]: Started scheduling
02:36:21.905639 [info ]: Finished scheduling [  0.00s]
02:36:21.911782 [debug]: Initializing schema store with entry: Frontier(CanonicalFqn { catalog: "AIRSTATS", schema: "DEV", table: "SRC_AIRPORTS" }) and interval: None
02:36:21.986001 [info ]: Started building task graph
02:36:21.987850 [info ]: Finished building task graph [  0.00s]
02:36:22.542682 [debug]: Query executed on node unknown:
show terse schemas in database AIRSTATS
    limit 10000
/* {"app": "dbt", "connection_name": "", "dbt_version": "2.0.0", "profile_name": "airstats", "target_name": "dev"} */
02:36:22.551167 [info ]: Started rendering (1 nodes)
02:36:22.551763 [info ]: Started model DEV.silver_airports
02:36:22.552215 [debug]: Started rendering model DEV.silver_airports
02:36:22.559760 [debug]: Compiled SQL for node model.airstats.silver_airports at target/compiled/models/silver/silver_airports.sql
02:36:22.560474 [debug]: Finished rendering [  0.01s] model DEV.silver_airports [success]
02:36:22.560533 [info ]: Finished rendering [  0.01s] (1 nodes, 0 skipped, 0 errors)
02:36:22.560561 [info ]: Started analyzing (1 nodes)
02:36:22.560590 [debug]: Started analyzing model DEV.silver_airports
02:36:22.634542 [debug]: Finished analyzing [  0.07s] model DEV.silver_airports [success]
02:36:22.634573 [info ]: Finished analyzing [  0.07s] (1 nodes, 0 skipped, 0 errors)
02:36:22.634598 [info ]: Started running (1 nodes)
02:36:22.634614 [debug]: Started running model DEV.silver_airports
02:36:23.054552 [debug]: Query executed on node model.airstats.silver_airports:
SHOW OBJECTS IN SCHEMA "AIRSTATS"."DEV" LIMIT 10000
02:36:23.058173 [debug]: Writing runtime sql for node "model.airstats.silver_airports"
02:36:23.348966 [debug]: Query executed on node model.airstats.silver_airports:
create or replace   view AIRSTATS.DEV.silver_airports
  
  
  
  
  as (
    select *
from AIRSTATS.DEV.src_airports
  )
/* {"app": "dbt", "dbt_version": "2.0.0", "node_id": "model.airstats.silver_airports", "profile_name": "airstats", "target_name": "dev"} */
02:36:23.351819 [info ]:  Succeeded [  0.80s] model DEV.silver_airports (view)
02:36:23.351957 [debug]: Finished running [  0.72s] model DEV.silver_airports [success]
02:36:23.352006 [info ]: Finished running [  0.72s] (1 nodes, 0 skipped, 0 errors)
02:36:23.420566 [info ]: 
==================== Execution Summary =====================
Finished 'run' successfully for target 'dev' [1.8s]
Processed: 1 model
Summary: 1 total | 1 success
==================== 2026-03-24T02:36:33.778019Z | 019d1db3-7671-7dc2-8599-2056ac83b7dc ====================
02:36:33.778065 [info ]: dbt-fusion 2.0.0-preview.154
02:36:33.778216 [info ]: Started loading project
02:36:33.778724 [info ]: Loading profiles.yml
02:36:33.871095 [debug]:    Started loading packages
02:36:33.871652 [debug]:     Loaded [  0.00s] packages
02:36:33.872014 [info ]: Finished loading project [  0.09s]
02:36:33.872180 [info ]: Started parsing
02:36:33.882671 [debug]: Finished parsing models/sources.yml [  0.00s]
02:36:33.882803 [debug]: Finished parsing models/tests.yml [  0.00s]
02:36:33.883684 [debug]: Finished parsing target/snapshots/scd_silver_airports.sql [  0.00s]
02:36:33.883809 [debug]: Finished parsing target/snapshots/scd_silver_runways.sql [  0.00s]
02:36:33.884221 [debug]: Finished parsing models/bronze/src_airport_comments.sql [  0.00s]
02:36:33.884328 [debug]: Finished parsing models/bronze/src_airports.sql [  0.00s]
02:36:33.884433 [debug]: Finished parsing models/bronze/src_runways.sql [  0.00s]
02:36:33.884635 [debug]: Finished parsing models/silver/silver_airport_comments.sql [  0.00s]
02:36:33.884738 [debug]: Finished parsing models/silver/silver_airports.sql [  0.00s]
02:36:33.884847 [debug]: Finished parsing models/silver/silver_runways.sql [  0.00s]
02:36:33.887519 [debug]: Finished parsing target/generic_tests/not_null_silver_airport_comments_comment_body.sql [  0.00s]
02:36:33.887684 [debug]: Finished parsing target/generic_tests/not_null_silver_airport_comments_comment_id.sql [  0.00s]
02:36:33.887825 [debug]: Finished parsing target/generic_tests/unique_silver_airport_comments_comment_id.sql [  0.00s]
02:36:33.888047 [debug]: Finished parsing target/generic_tests/not_null_silver_airport_comments_member_nickname.sql [  0.00s]
02:36:33.888208 [debug]: Finished parsing target/generic_tests/not_null_silver_airports_airport_ident.sql [  0.00s]
02:36:33.888342 [debug]: Finished parsing target/generic_tests/unique_silver_airports_airport_ident.sql [  0.00s]
02:36:33.888474 [debug]: Finished parsing target/generic_tests/not_null_silver_runways_runway_id.sql [  0.00s]
02:36:33.888592 [debug]: Finished parsing target/generic_tests/unique_silver_runways_runway_id.sql [  0.00s]
02:36:33.888717 [debug]: Finished parsing target/generic_tests/not_null_src_airport_comments_comment_id.sql [  0.00s]
02:36:33.888837 [debug]: Finished parsing target/generic_tests/unique_src_airport_comments_comment_id.sql [  0.00s]
02:36:33.888953 [debug]: Finished parsing target/generic_tests/not_null_src_airports_airport_ident.sql [  0.00s]
02:36:33.889060 [debug]: Finished parsing target/generic_tests/unique_src_airports_airport_ident.sql [  0.00s]
02:36:33.889171 [debug]: Finished parsing target/generic_tests/not_null_src_runways_airport_ident.sql [  0.00s]
02:36:33.889283 [debug]: Finished parsing target/generic_tests/not_null_src_runways_runway_id.sql [  0.00s]
02:36:33.889389 [debug]: Finished parsing target/generic_tests/unique_src_runways_runway_id.sql [  0.00s]
02:36:33.891292 [info ]: Finished parsing [  0.02s]
02:36:33.891467 [info ]: Started scheduling
02:36:33.891563 [info ]: Finished scheduling [  0.00s]
02:36:33.891671 [debug]: Initializing schema store with entry: Selected("snapshot.airstats.scd_silver_airports") and interval: None
02:36:33.891691 [debug]: Initializing schema store with entry: Frontier(CanonicalFqn { catalog: "AIRSTATS", schema: "DEV", table: "SILVER_AIRPORTS" }) and interval: None
02:36:33.935035 [info ]: Started building task graph
02:36:33.935117 [info ]: Finished building task graph [  0.00s]
02:36:34.278873 [debug]: Query executed on node unknown:
show terse schemas in database AIRSTATS
    limit 10000
/* {"app": "dbt", "connection_name": "", "dbt_version": "2.0.0", "profile_name": "airstats", "target_name": "dev"} */
02:36:34.279554 [info ]: Started rendering (1 nodes)
02:36:34.279690 [info ]: Started snapshot snapshots.scd_silver_airports
02:36:34.279731 [debug]: Started rendering snapshot snapshots.scd_silver_airports
02:36:34.283583 [debug]: Compiled SQL for node snapshot.airstats.scd_silver_airports at target/compiled/snapshots/scd_silver_airports.sql
02:36:34.283701 [debug]: Finished rendering [  0.00s] snapshot snapshots.scd_silver_airports [success]
02:36:34.283794 [info ]: Finished rendering [  0.00s] (1 nodes, 0 skipped, 0 errors)
02:36:34.283844 [info ]: Started analyzing (1 nodes)
02:36:34.283906 [debug]: Started analyzing snapshot snapshots.scd_silver_airports
02:36:34.320720 [debug]: Finished analyzing [  0.04s] snapshot snapshots.scd_silver_airports [success]
02:36:34.320771 [info ]: Finished analyzing [  0.04s] (1 nodes, 0 skipped, 0 errors)
02:36:34.320799 [info ]: Started running (1 nodes)
02:36:34.320826 [debug]: Started running snapshot snapshots.scd_silver_airports
02:36:34.691667 [debug]: Query executed on node snapshot.airstats.scd_silver_airports:
SHOW OBJECTS IN SCHEMA "AIRSTATS"."SNAPSHOTS" LIMIT 10000
02:36:35.192459 [debug]: Query executed on node snapshot.airstats.scd_silver_airports:
select * from (
        



select *
from AIRSTATS.DEV.silver_airports


    ) as __dbt_sbq
    where false
    limit 0
/* {"app": "dbt", "dbt_version": "2.0.0", "node_id": "snapshot.airstats.scd_silver_airports", "profile_name": "airstats", "target_name": "dev"} */
02:36:35.269420 [debug]: Query executed on node snapshot.airstats.scd_silver_airports:
describe table "AIRSTATS"."SNAPSHOTS"."SCD_SILVER_AIRPORTS"
/* {"app": "dbt", "dbt_version": "2.0.0", "node_id": "snapshot.airstats.scd_silver_airports", "profile_name": "airstats", "target_name": "dev"} */
02:36:35.367127 [debug]: Query executed on node snapshot.airstats.scd_silver_airports:
describe table "AIRSTATS"."SNAPSHOTS"."SCD_SILVER_AIRPORTS"
/* {"app": "dbt", "dbt_version": "2.0.0", "node_id": "snapshot.airstats.scd_silver_airports", "profile_name": "airstats", "target_name": "dev"} */
02:36:37.158328 [debug]: Query executed on node snapshot.airstats.scd_silver_airports:
create or replace temporary table "AIRSTATS"."SNAPSHOTS"."SCD_SILVER_AIRPORTS__dbt_tmp"
as (
    
    
    with snapshot_query as (

        



select *
from AIRSTATS.DEV.silver_airports



    ),

    snapshotted_data as (

        select *, 
    
        airport_ident as dbt_unique_key
    

        from "AIRSTATS"."SNAPSHOTS"."SCD_SILVER_AIRPORTS"
        where
            
                dbt_valid_to is null
            

    ),

    insertions_source_data as (

        select *, 
    
        airport_ident as dbt_unique_key
    
,
            to_timestamp_ntz(convert_timezone('UTC', current_timestamp())) as dbt_updated_at,
            to_timestamp_ntz(convert_timezone('UTC', current_timestamp())) as dbt_valid_from,
            
  
  coalesce(nullif(to_timestamp_ntz(convert_timezone('UTC', current_timestamp())), to_timestamp_ntz(convert_timezone('UTC', current_timestamp()))), null)
  as dbt_valid_to
,
            md5(coalesce(cast(airport_ident as varchar ), '')
         || '|' || coalesce(cast(to_timestamp_ntz(convert_timezone('UTC', current_timestamp())) as varchar ), '')
        ) as dbt_scd_id

        from snapshot_query
    ),

    updates_source_data as (

        select *, 
    
        airport_ident as dbt_unique_key
    
,
            to_timestamp_ntz(convert_timezone('UTC', current_timestamp())) as dbt_updated_at,
            to_timestamp_ntz(convert_timezone('UTC', current_timestamp())) as dbt_valid_from,
            to_timestamp_ntz(convert_timezone('UTC', current_timestamp())) as dbt_valid_to

        from snapshot_query
    ),

    insertions as (

        select
            'insert' as dbt_change_type,
            source_data.*

        from insertions_source_data as source_data
        left outer join snapshotted_data
            on 
    
        snapshotted_data.dbt_unique_key = source_data.dbt_unique_key
    

            where 
    
        snapshotted_data.dbt_unique_key is null
    

            or (
    
        snapshotted_data.dbt_unique_key is not null
    
 and (
               (snapshotted_data."AIRPORT_IDENT" != source_data."AIRPORT_IDENT"
        or
        (
            ((snapshotted_data."AIRPORT_IDENT" is null) and not (source_data."AIRPORT_IDENT" is null))
            or
            ((not snapshotted_data."AIRPORT_IDENT" is null) and (source_data."AIRPORT_IDENT" is null))
        ) or snapshotted_data."AIRPORT_TYPE" != source_data."AIRPORT_TYPE"
        or
        (
            ((snapshotted_data."AIRPORT_TYPE" is null) and not (source_data."AIRPORT_TYPE" is null))
            or
            ((not snapshotted_data."AIRPORT_TYPE" is null) and (source_data."AIRPORT_TYPE" is null))
        ) or snapshotted_data."AIRPORT_NAME" != source_data."AIRPORT_NAME"
        or
        (
            ((snapshotted_data."AIRPORT_NAME" is null) and not (source_data."AIRPORT_NAME" is null))
            or
            ((not snapshotted_data."AIRPORT_NAME" is null) and (source_data."AIRPORT_NAME" is null))
        ) or snapshotted_data."AIRPORT_LAT" != source_data."AIRPORT_LAT"
        or
        (
            ((snapshotted_data."AIRPORT_LAT" is null) and not (source_data."AIRPORT_LAT" is null))
            or
            ((not snapshotted_data."AIRPORT_LAT" is null) and (source_data."AIRPORT_LAT" is null))
        ) or snapshotted_data."AIRPORT_LONG" != source_data."AIRPORT_LONG"
        or
        (
            ((snapshotted_data."AIRPORT_LONG" is null) and not (source_data."AIRPORT_LONG" is null))
            or
            ((not snapshotted_data."AIRPORT_LONG" is null) and (source_data."AIRPORT_LONG" is null))
        ) or snapshotted_data."CONTINENT" != source_data."CONTINENT"
        or
        (
            ((snapshotted_data."CONTINENT" is null) and not (source_data."CONTINENT" is null))
            or
            ((not snapshotted_data."CONTINENT" is null) and (source_data."CONTINENT" is null))
        ) or snapshotted_data."ISO_COUNTRY" != source_data."ISO_COUNTRY"
        or
        (
            ((snapshotted_data."ISO_COUNTRY" is null) and not (source_data."ISO_COUNTRY" is null))
            or
            ((not snapshotted_data."ISO_COUNTRY" is null) and (source_data."ISO_COUNTRY" is null))
        ))
            )

        )

    ),

    updates as (

        select
            'update' as dbt_change_type,
            source_data.*,
            snapshotted_data.dbt_scd_id

        from updates_source_data as source_data
        join snapshotted_data
            on 
    
        snapshotted_data.dbt_unique_key = source_data.dbt_unique_key
    

        where (
            (snapshotted_data."AIRPORT_IDENT" != source_data."AIRPORT_IDENT"
        or
        (
            ((snapshotted_data."AIRPORT_IDENT" is null) and not (source_data."AIRPORT_IDENT" is null))
            or
            ((not snapshotted_data."AIRPORT_IDENT" is null) and (source_data."AIRPORT_IDENT" is null))
        ) or snapshotted_data."AIRPORT_TYPE" != source_data."AIRPORT_TYPE"
        or
        (
            ((snapshotted_data."AIRPORT_TYPE" is null) and not (source_data."AIRPORT_TYPE" is null))
            or
            ((not snapshotted_data."AIRPORT_TYPE" is null) and (source_data."AIRPORT_TYPE" is null))
        ) or snapshotted_data."AIRPORT_NAME" != source_data."AIRPORT_NAME"
        or
        (
            ((snapshotted_data."AIRPORT_NAME" is null) and not (source_data."AIRPORT_NAME" is null))
            or
            ((not snapshotted_data."AIRPORT_NAME" is null) and (source_data."AIRPORT_NAME" is null))
        ) or snapshotted_data."AIRPORT_LAT" != source_data."AIRPORT_LAT"
        or
        (
            ((snapshotted_data."AIRPORT_LAT" is null) and not (source_data."AIRPORT_LAT" is null))
            or
            ((not snapshotted_data."AIRPORT_LAT" is null) and (source_data."AIRPORT_LAT" is null))
        ) or snapshotted_data."AIRPORT_LONG" != source_data."AIRPORT_LONG"
        or
        (
            ((snapshotted_data."AIRPORT_LONG" is null) and not (source_data."AIRPORT_LONG" is null))
            or
            ((not snapshotted_data."AIRPORT_LONG" is null) and (source_data."AIRPORT_LONG" is null))
        ) or snapshotted_data."CONTINENT" != source_data."CONTINENT"
        or
        (
            ((snapshotted_data."CONTINENT" is null) and not (source_data."CONTINENT" is null))
            or
            ((not snapshotted_data."CONTINENT" is null) and (source_data."CONTINENT" is null))
        ) or snapshotted_data."ISO_COUNTRY" != source_data."ISO_COUNTRY"
        or
        (
            ((snapshotted_data."ISO_COUNTRY" is null) and not (source_data."ISO_COUNTRY" is null))
            or
            ((not snapshotted_data."ISO_COUNTRY" is null) and (source_data."ISO_COUNTRY" is null))
        ))
        )
    )

    select * from insertions
    union all
    select * from updates

    )

/* {"app": "dbt", "dbt_version": "2.0.0", "node_id": "snapshot.airstats.scd_silver_airports", "profile_name": "airstats", "target_name": "dev"} */
02:36:37.354199 [debug]: Query executed on node snapshot.airstats.scd_silver_airports:
describe table "AIRSTATS"."SNAPSHOTS"."SCD_SILVER_AIRPORTS__dbt_tmp"
/* {"app": "dbt", "dbt_version": "2.0.0", "node_id": "snapshot.airstats.scd_silver_airports", "profile_name": "airstats", "target_name": "dev"} */
02:36:37.447161 [debug]: Query executed on node snapshot.airstats.scd_silver_airports:
describe table "AIRSTATS"."SNAPSHOTS"."SCD_SILVER_AIRPORTS"
/* {"app": "dbt", "dbt_version": "2.0.0", "node_id": "snapshot.airstats.scd_silver_airports", "profile_name": "airstats", "target_name": "dev"} */
02:36:37.564632 [debug]: Query executed on node snapshot.airstats.scd_silver_airports:
describe table "AIRSTATS"."SNAPSHOTS"."SCD_SILVER_AIRPORTS__dbt_tmp"
/* {"app": "dbt", "dbt_version": "2.0.0", "node_id": "snapshot.airstats.scd_silver_airports", "profile_name": "airstats", "target_name": "dev"} */
02:36:37.652933 [debug]: Query executed on node snapshot.airstats.scd_silver_airports:
describe table "AIRSTATS"."SNAPSHOTS"."SCD_SILVER_AIRPORTS"
/* {"app": "dbt", "dbt_version": "2.0.0", "node_id": "snapshot.airstats.scd_silver_airports", "profile_name": "airstats", "target_name": "dev"} */
02:36:37.797457 [debug]: Query executed on node snapshot.airstats.scd_silver_airports:
describe table "AIRSTATS"."SNAPSHOTS"."SCD_SILVER_AIRPORTS__dbt_tmp"
/* {"app": "dbt", "dbt_version": "2.0.0", "node_id": "snapshot.airstats.scd_silver_airports", "profile_name": "airstats", "target_name": "dev"} */
02:36:38.430916 [debug]: Query executed on node snapshot.airstats.scd_silver_airports:
select * from (
        
    
    with snapshot_query as (

        



select *
from AIRSTATS.DEV.silver_airports



    ),

    snapshotted_data as (

        select *, 
    
        airport_ident as dbt_unique_key
    

        from "AIRSTATS"."SNAPSHOTS"."SCD_SILVER_AIRPORTS"
        where
            
                dbt_valid_to is null
            

    ),

    insertions_source_data as (

        select *, 
    
        airport_ident as dbt_unique_key
    
,
            to_timestamp_ntz(convert_timezone('UTC', current_timestamp())) as dbt_updated_at,
            to_timestamp_ntz(convert_timezone('UTC', current_timestamp())) as dbt_valid_from,
            
  
  coalesce(nullif(to_timestamp_ntz(convert_timezone('UTC', current_timestamp())), to_timestamp_ntz(convert_timezone('UTC', current_timestamp()))), null)
  as dbt_valid_to
,
            md5(coalesce(cast(airport_ident as varchar ), '')
         || '|' || coalesce(cast(to_timestamp_ntz(convert_timezone('UTC', current_timestamp())) as varchar ), '')
        ) as dbt_scd_id

        from snapshot_query
    ),

    updates_source_data as (

        select *, 
    
        airport_ident as dbt_unique_key
    
,
            to_timestamp_ntz(convert_timezone('UTC', current_timestamp())) as dbt_updated_at,
            to_timestamp_ntz(convert_timezone('UTC', current_timestamp())) as dbt_valid_from,
            to_timestamp_ntz(convert_timezone('UTC', current_timestamp())) as dbt_valid_to

        from snapshot_query
    ),

    insertions as (

        select
            'insert' as dbt_change_type,
            source_data.*

        from insertions_source_data as source_data
        left outer join snapshotted_data
            on 
    
        snapshotted_data.dbt_unique_key = source_data.dbt_unique_key
    

            where 
    
        snapshotted_data.dbt_unique_key is null
    

            or (
    
        snapshotted_data.dbt_unique_key is not null
    
 and (
               (snapshotted_data."AIRPORT_IDENT" != source_data."AIRPORT_IDENT"
        or
        (
            ((snapshotted_data."AIRPORT_IDENT" is null) and not (source_data."AIRPORT_IDENT" is null))
            or
            ((not snapshotted_data."AIRPORT_IDENT" is null) and (source_data."AIRPORT_IDENT" is null))
        ) or snapshotted_data."AIRPORT_TYPE" != source_data."AIRPORT_TYPE"
        or
        (
            ((snapshotted_data."AIRPORT_TYPE" is null) and not (source_data."AIRPORT_TYPE" is null))
            or
            ((not snapshotted_data."AIRPORT_TYPE" is null) and (source_data."AIRPORT_TYPE" is null))
        ) or snapshotted_data."AIRPORT_NAME" != source_data."AIRPORT_NAME"
        or
        (
            ((snapshotted_data."AIRPORT_NAME" is null) and not (source_data."AIRPORT_NAME" is null))
            or
            ((not snapshotted_data."AIRPORT_NAME" is null) and (source_data."AIRPORT_NAME" is null))
        ) or snapshotted_data."AIRPORT_LAT" != source_data."AIRPORT_LAT"
        or
        (
            ((snapshotted_data."AIRPORT_LAT" is null) and not (source_data."AIRPORT_LAT" is null))
            or
            ((not snapshotted_data."AIRPORT_LAT" is null) and (source_data."AIRPORT_LAT" is null))
        ) or snapshotted_data."AIRPORT_LONG" != source_data."AIRPORT_LONG"
        or
        (
            ((snapshotted_data."AIRPORT_LONG" is null) and not (source_data."AIRPORT_LONG" is null))
            or
            ((not snapshotted_data."AIRPORT_LONG" is null) and (source_data."AIRPORT_LONG" is null))
        ) or snapshotted_data."CONTINENT" != source_data."CONTINENT"
        or
        (
            ((snapshotted_data."CONTINENT" is null) and not (source_data."CONTINENT" is null))
            or
            ((not snapshotted_data."CONTINENT" is null) and (source_data."CONTINENT" is null))
        ) or snapshotted_data."ISO_COUNTRY" != source_data."ISO_COUNTRY"
        or
        (
            ((snapshotted_data."ISO_COUNTRY" is null) and not (source_data."ISO_COUNTRY" is null))
            or
            ((not snapshotted_data."ISO_COUNTRY" is null) and (source_data."ISO_COUNTRY" is null))
        ))
            )

        )

    ),

    updates as (

        select
            'update' as dbt_change_type,
            source_data.*,
            snapshotted_data.dbt_scd_id

        from updates_source_data as source_data
        join snapshotted_data
            on 
    
        snapshotted_data.dbt_unique_key = source_data.dbt_unique_key
    

        where (
            (snapshotted_data."AIRPORT_IDENT" != source_data."AIRPORT_IDENT"
        or
        (
            ((snapshotted_data."AIRPORT_IDENT" is null) and not (source_data."AIRPORT_IDENT" is null))
            or
            ((not snapshotted_data."AIRPORT_IDENT" is null) and (source_data."AIRPORT_IDENT" is null))
        ) or snapshotted_data."AIRPORT_TYPE" != source_data."AIRPORT_TYPE"
        or
        (
            ((snapshotted_data."AIRPORT_TYPE" is null) and not (source_data."AIRPORT_TYPE" is null))
            or
            ((not snapshotted_data."AIRPORT_TYPE" is null) and (source_data."AIRPORT_TYPE" is null))
        ) or snapshotted_data."AIRPORT_NAME" != source_data."AIRPORT_NAME"
        or
        (
            ((snapshotted_data."AIRPORT_NAME" is null) and not (source_data."AIRPORT_NAME" is null))
            or
            ((not snapshotted_data."AIRPORT_NAME" is null) and (source_data."AIRPORT_NAME" is null))
        ) or snapshotted_data."AIRPORT_LAT" != source_data."AIRPORT_LAT"
        or
        (
            ((snapshotted_data."AIRPORT_LAT" is null) and not (source_data."AIRPORT_LAT" is null))
            or
            ((not snapshotted_data."AIRPORT_LAT" is null) and (source_data."AIRPORT_LAT" is null))
        ) or snapshotted_data."AIRPORT_LONG" != source_data."AIRPORT_LONG"
        or
        (
            ((snapshotted_data."AIRPORT_LONG" is null) and not (source_data."AIRPORT_LONG" is null))
            or
            ((not snapshotted_data."AIRPORT_LONG" is null) and (source_data."AIRPORT_LONG" is null))
        ) or snapshotted_data."CONTINENT" != source_data."CONTINENT"
        or
        (
            ((snapshotted_data."CONTINENT" is null) and not (source_data."CONTINENT" is null))
            or
            ((not snapshotted_data."CONTINENT" is null) and (source_data."CONTINENT" is null))
        ) or snapshotted_data."ISO_COUNTRY" != source_data."ISO_COUNTRY"
        or
        (
            ((snapshotted_data."ISO_COUNTRY" is null) and not (source_data."ISO_COUNTRY" is null))
            or
            ((not snapshotted_data."ISO_COUNTRY" is null) and (source_data."ISO_COUNTRY" is null))
        ))
        )
    )

    select * from insertions
    union all
    select * from updates

    ) as __dbt_sbq
    where false
    limit 0

/* {"app": "dbt", "dbt_version": "2.0.0", "node_id": "snapshot.airstats.scd_silver_airports", "profile_name": "airstats", "target_name": "dev"} */
02:36:38.503464 [debug]: Query executed on node snapshot.airstats.scd_silver_airports:
select * from (
        select to_timestamp_ntz(convert_timezone('UTC', current_timestamp())) as dbt_snapshot_time
    ) as __dbt_sbq
    where false
    limit 0

/* {"app": "dbt", "dbt_version": "2.0.0", "node_id": "snapshot.airstats.scd_silver_airports", "profile_name": "airstats", "target_name": "dev"} */
02:36:38.504845 [debug]: Writing runtime sql for node "snapshot.airstats.scd_silver_airports"
02:36:38.710962 [debug]: Query executed on node snapshot.airstats.scd_silver_airports:
begin
/* {"app": "dbt", "dbt_version": "2.0.0", "node_id": "snapshot.airstats.scd_silver_airports", "profile_name": "airstats", "target_name": "dev"} */
02:36:39.100127 [debug]: Query executed on node snapshot.airstats.scd_silver_airports:

    merge into "AIRSTATS"."SNAPSHOTS"."SCD_SILVER_AIRPORTS" as DBT_INTERNAL_DEST
    using "AIRSTATS"."SNAPSHOTS"."SCD_SILVER_AIRPORTS__dbt_tmp" as DBT_INTERNAL_SOURCE
    on DBT_INTERNAL_SOURCE.dbt_scd_id = DBT_INTERNAL_DEST.dbt_scd_id

    when matched
     
       and DBT_INTERNAL_DEST.dbt_valid_to is null
     
     and DBT_INTERNAL_SOURCE.dbt_change_type in ('update', 'delete')
        then update
        set dbt_valid_to = DBT_INTERNAL_SOURCE.dbt_valid_to

    when not matched
     and DBT_INTERNAL_SOURCE.dbt_change_type = 'insert'
        then insert ("AIRPORT_IDENT", "AIRPORT_TYPE", "AIRPORT_NAME", "AIRPORT_LAT", "AIRPORT_LONG", "CONTINENT", "ISO_COUNTRY", "DBT_UPDATED_AT", "DBT_VALID_FROM", "DBT_VALID_TO", "DBT_SCD_ID")
        values ("AIRPORT_IDENT", "AIRPORT_TYPE", "AIRPORT_NAME", "AIRPORT_LAT", "AIRPORT_LONG", "CONTINENT", "ISO_COUNTRY", "DBT_UPDATED_AT", "DBT_VALID_FROM", "DBT_VALID_TO", "DBT_SCD_ID")


/* {"app": "dbt", "dbt_version": "2.0.0", "node_id": "snapshot.airstats.scd_silver_airports", "profile_name": "airstats", "target_name": "dev"} */
02:36:39.261289 [debug]: Query executed on node snapshot.airstats.scd_silver_airports:

    commit
/* {"app": "dbt", "dbt_version": "2.0.0", "node_id": "snapshot.airstats.scd_silver_airports", "profile_name": "airstats", "target_name": "dev"} */
02:36:39.264724 [info ]:  Succeeded [  4.98s] snapshot snapshots.scd_silver_airports (table)
02:36:39.264829 [debug]: Finished running [  4.94s] snapshot snapshots.scd_silver_airports [success]
02:36:39.264877 [info ]: Finished running [  4.94s] (1 nodes, 0 skipped, 0 errors)
02:36:39.319654 [info ]: 
==================== Execution Summary =====================
Finished 'snapshot' successfully for target 'dev' [5.5s]
Processed: 1 snapshot
Summary: 1 total | 1 success
==================== 2026-03-24T02:40:18.942535Z | 019d1db6-e5fd-7f40-82b6-f5a9d179bec0 ====================
02:40:18.942585 [info ]: dbt-fusion 2.0.0-preview.154
02:40:18.942669 [info ]: Started loading project
02:40:18.943213 [info ]: Loading profiles.yml
02:40:19.040701 [debug]:    Started loading packages
02:40:19.041218 [debug]:     Loaded [  0.00s] packages
02:40:19.041549 [info ]: Finished loading project [  0.10s]
02:40:19.041701 [info ]: Started parsing
02:40:19.052001 [debug]: Finished parsing models/sources.yml [  0.00s]
02:40:19.052141 [debug]: Finished parsing models/tests.yml [  0.00s]
02:40:19.053037 [debug]: Finished parsing target/snapshots/scd_silver_airports.sql [  0.00s]
02:40:19.053163 [debug]: Finished parsing target/snapshots/scd_silver_runways.sql [  0.00s]
02:40:19.053592 [debug]: Finished parsing models/bronze/src_airport_comments.sql [  0.00s]
02:40:19.053710 [debug]: Finished parsing models/bronze/src_airports.sql [  0.00s]
02:40:19.053819 [debug]: Finished parsing models/bronze/src_runways.sql [  0.00s]
02:40:19.054015 [debug]: Finished parsing models/silver/silver_airport_comments.sql [  0.00s]
02:40:19.054145 [debug]: Finished parsing models/silver/silver_airports.sql [  0.00s]
02:40:19.054268 [debug]: Finished parsing models/silver/silver_runways.sql [  0.00s]
02:40:19.057024 [debug]: Finished parsing target/generic_tests/not_null_silver_airport_comments_comment_body.sql [  0.00s]
02:40:19.057180 [debug]: Finished parsing target/generic_tests/not_null_silver_airport_comments_comment_id.sql [  0.00s]
02:40:19.057322 [debug]: Finished parsing target/generic_tests/unique_silver_airport_comments_comment_id.sql [  0.00s]
02:40:19.057456 [debug]: Finished parsing target/generic_tests/not_null_silver_airport_comments_member_nickname.sql [  0.00s]
02:40:19.057633 [debug]: Finished parsing target/generic_tests/not_null_silver_airports_airport_ident.sql [  0.00s]
02:40:19.057764 [debug]: Finished parsing target/generic_tests/unique_silver_airports_airport_ident.sql [  0.00s]
02:40:19.057887 [debug]: Finished parsing target/generic_tests/not_null_silver_runways_runway_id.sql [  0.00s]
02:40:19.058004 [debug]: Finished parsing target/generic_tests/unique_silver_runways_runway_id.sql [  0.00s]
02:40:19.058127 [debug]: Finished parsing target/generic_tests/not_null_src_airport_comments_comment_id.sql [  0.00s]
02:40:19.058242 [debug]: Finished parsing target/generic_tests/unique_src_airport_comments_comment_id.sql [  0.00s]
02:40:19.058426 [debug]: Finished parsing target/generic_tests/not_null_src_airports_airport_ident.sql [  0.00s]
02:40:19.058563 [debug]: Finished parsing target/generic_tests/unique_src_airports_airport_ident.sql [  0.00s]
02:40:19.058689 [debug]: Finished parsing target/generic_tests/not_null_src_runways_airport_ident.sql [  0.00s]
02:40:19.058804 [debug]: Finished parsing target/generic_tests/not_null_src_runways_runway_id.sql [  0.00s]
02:40:19.058911 [debug]: Finished parsing target/generic_tests/unique_src_runways_runway_id.sql [  0.00s]
02:40:19.060797 [info ]: Finished parsing [  0.02s]
02:40:19.060979 [info ]: Started scheduling
02:40:19.061129 [info ]: Finished scheduling [  0.00s]
02:40:19.061286 [debug]: Initializing schema store with entry: Frontier(CanonicalFqn { catalog: "AIRSTATS", schema: "DEV", table: "SRC_RUNWAYS" }) and interval: None
02:40:19.061302 [debug]: Initializing schema store with entry: Frontier(CanonicalFqn { catalog: "AIRSTATS", schema: "DEV", table: "SRC_AIRPORT_COMMENTS" }) and interval: None
02:40:19.061310 [debug]: Initializing schema store with entry: Frontier(CanonicalFqn { catalog: "AIRSTATS", schema: "DEV", table: "SILVER_RUNWAYS" }) and interval: None
02:40:19.061321 [debug]: Initializing schema store with entry: Frontier(CanonicalFqn { catalog: "AIRSTATS", schema: "DEV", table: "SILVER_AIRPORTS" }) and interval: None
02:40:19.061327 [debug]: Initializing schema store with entry: Frontier(CanonicalFqn { catalog: "AIRSTATS", schema: "DEV", table: "SILVER_AIRPORT_COMMENTS" }) and interval: None
02:40:19.061333 [debug]: Initializing schema store with entry: Frontier(CanonicalFqn { catalog: "AIRSTATS", schema: "DEV", table: "SRC_AIRPORTS" }) and interval: None
02:40:19.105088 [info ]: Started building task graph
02:40:19.105263 [info ]: Finished building task graph [  0.00s]
02:40:19.105424 [info ]: Started rendering (15 nodes)
02:40:19.105451 [info ]: Started test DEV_dbt_test__audit.unique_src_runways_runway_id
02:40:19.105464 [debug]: Started rendering test DEV_dbt_test__audit.unique_src_runways_runway_id
02:40:19.105479 [info ]: Started test DEV_dbt_test__audit.unique_src_airports_airport_ident
02:40:19.105485 [debug]: Started rendering test DEV_dbt_test__audit.unique_src_airports_airport_ident
02:40:19.105493 [info ]: Started test DEV_dbt_test__audit.unique_src_airport_comments_comment_id
02:40:19.105495 [debug]: Started rendering test DEV_dbt_test__audit.unique_src_airport_comments_comment_id
02:40:19.105500 [info ]: Started test DEV_dbt_test__audit.unique_silver_runways_runway_id
02:40:19.105503 [debug]: Started rendering test DEV_dbt_test__audit.unique_silver_runways_runway_id
02:40:19.105511 [info ]: Started test DEV_dbt_test__audit.unique_silver_airports_airport_ident
02:40:19.105515 [debug]: Started rendering test DEV_dbt_test__audit.unique_silver_airports_airport_ident
02:40:19.105521 [info ]: Started test DEV_dbt_test__audit.unique_silver_airport_comments_comment_id
02:40:19.105524 [debug]: Started rendering test DEV_dbt_test__audit.unique_silver_airport_comments_comment_id
02:40:19.105529 [info ]: Started test DEV_dbt_test__audit.not_null_src_runways_runway_id
02:40:19.105534 [debug]: Started rendering test DEV_dbt_test__audit.not_null_src_runways_runway_id
02:40:19.105539 [info ]: Started test DEV_dbt_test__audit.not_null_src_runways_airport_ident
02:40:19.105541 [debug]: Started rendering test DEV_dbt_test__audit.not_null_src_runways_airport_ident
02:40:19.105545 [info ]: Started test DEV_dbt_test__audit.not_null_src_airports_airport_ident
02:40:19.105549 [debug]: Started rendering test DEV_dbt_test__audit.not_null_src_airports_airport_ident
02:40:19.105553 [info ]: Started test DEV_dbt_test__audit.not_null_src_airport_comments_comment_id
02:40:19.105555 [debug]: Started rendering test DEV_dbt_test__audit.not_null_src_airport_comments_comment_id
02:40:19.105559 [info ]: Started test DEV_dbt_test__audit.not_null_silver_runways_runway_id
02:40:19.105561 [debug]: Started rendering test DEV_dbt_test__audit.not_null_silver_runways_runway_id
02:40:19.105566 [info ]: Started test DEV_dbt_test__audit.not_null_silver_airports_airport_ident
02:40:19.105568 [debug]: Started rendering test DEV_dbt_test__audit.not_null_silver_airports_airport_ident
02:40:19.105572 [info ]: Started test DEV_dbt_test__audit.not_null_silver_airport_comments_member_nickname
02:40:19.105575 [debug]: Started rendering test DEV_dbt_test__audit.not_null_silver_airport_comments_member_nickname
02:40:19.105581 [info ]: Started test DEV_dbt_test__audit.not_null_silver_airport_comments_comment_id
02:40:19.105583 [debug]: Started rendering test DEV_dbt_test__audit.not_null_silver_airport_comments_comment_id
02:40:19.105587 [info ]: Started test DEV_dbt_test__audit.not_null_silver_airport_comments_comment_body
02:40:19.105590 [debug]: Started rendering test DEV_dbt_test__audit.not_null_silver_airport_comments_comment_body
02:40:19.109084 [debug]: Compiled SQL for node test.airstats.unique_src_airport_comments_comment_id.fcf95d71e9 at target/compiled/generic_tests/unique_src_airport_comments_comment_id.sql
02:40:19.109084 [debug]: Compiled SQL for node test.airstats.unique_silver_airport_comments_comment_id.c911e15327 at target/compiled/generic_tests/unique_silver_airport_comments_comment_id.sql
02:40:19.109089 [debug]: Compiled SQL for node test.airstats.not_null_silver_airport_comments_comment_id.e7a61a7a48 at target/compiled/generic_tests/not_null_silver_airport_comments_comment_id.sql
02:40:19.109168 [debug]: Compiled SQL for node test.airstats.not_null_src_airports_airport_ident.07349ac3ef at target/compiled/generic_tests/not_null_src_airports_airport_ident.sql
02:40:19.109174 [debug]: Compiled SQL for node test.airstats.unique_silver_airports_airport_ident.e1d5a10237 at target/compiled/generic_tests/unique_silver_airports_airport_ident.sql
02:40:19.109176 [debug]: Compiled SQL for node test.airstats.unique_silver_runways_runway_id.fdfdb1e0d5 at target/compiled/generic_tests/unique_silver_runways_runway_id.sql
02:40:19.109194 [debug]: Compiled SQL for node test.airstats.unique_src_airports_airport_ident.8ef120bfc3 at target/compiled/generic_tests/unique_src_airports_airport_ident.sql
02:40:19.109220 [debug]: Compiled SQL for node test.airstats.not_null_src_runways_runway_id.47ef077803 at target/compiled/generic_tests/not_null_src_runways_runway_id.sql
02:40:19.109234 [debug]: Compiled SQL for node test.airstats.unique_src_runways_runway_id.7deef2bd78 at target/compiled/generic_tests/unique_src_runways_runway_id.sql
02:40:19.109226 [debug]: Finished rendering [  0.00s] test DEV_dbt_test__audit.unique_silver_airport_comments_comment_id [success]
02:40:19.109267 [info ]: Started analyzing (15 nodes)
02:40:19.109282 [debug]: Started analyzing test DEV_dbt_test__audit.unique_silver_airport_comments_comment_id
02:40:19.109319 [debug]: Compiled SQL for node test.airstats.not_null_silver_airports_airport_ident.23a9200d75 at target/compiled/generic_tests/not_null_silver_airports_airport_ident.sql
02:40:19.109327 [debug]: Compiled SQL for node test.airstats.not_null_silver_airport_comments_comment_body.7618290c46 at target/compiled/generic_tests/not_null_silver_airport_comments_comment_body.sql
02:40:19.109294 [debug]: Finished rendering [  0.00s] test DEV_dbt_test__audit.unique_src_airport_comments_comment_id [success]
02:40:19.109361 [debug]: Started analyzing test DEV_dbt_test__audit.unique_src_airport_comments_comment_id
02:40:19.109375 [debug]: Finished rendering [  0.00s] test DEV_dbt_test__audit.not_null_silver_airport_comments_comment_id [success]
02:40:19.109384 [debug]: Compiled SQL for node test.airstats.not_null_src_airport_comments_comment_id.8ca3c09d27 at target/compiled/generic_tests/not_null_src_airport_comments_comment_id.sql
02:40:19.109394 [debug]: Started analyzing test DEV_dbt_test__audit.not_null_silver_airport_comments_comment_id
02:40:19.109394 [debug]: Compiled SQL for node test.airstats.not_null_silver_airport_comments_member_nickname.37aa0f2aa3 at target/compiled/generic_tests/not_null_silver_airport_comments_member_nickname.sql
02:40:19.109396 [debug]: Compiled SQL for node test.airstats.not_null_src_runways_airport_ident.2583f32a06 at target/compiled/generic_tests/not_null_src_runways_airport_ident.sql
02:40:19.109402 [debug]: Finished rendering [  0.00s] test DEV_dbt_test__audit.not_null_src_airports_airport_ident [success]
02:40:19.109423 [debug]: Started analyzing test DEV_dbt_test__audit.not_null_src_airports_airport_ident
02:40:19.109432 [debug]: Finished rendering [  0.00s] test DEV_dbt_test__audit.unique_silver_airports_airport_ident [success]
02:40:19.109450 [debug]: Started analyzing test DEV_dbt_test__audit.unique_silver_airports_airport_ident
02:40:19.109459 [debug]: Finished rendering [  0.00s] test DEV_dbt_test__audit.not_null_src_runways_runway_id [success]
02:40:19.109472 [debug]: Started analyzing test DEV_dbt_test__audit.not_null_src_runways_runway_id
02:40:19.109477 [debug]: Compiled SQL for node test.airstats.not_null_silver_runways_runway_id.946f785ae9 at target/compiled/generic_tests/not_null_silver_runways_runway_id.sql
02:40:19.109477 [debug]: Finished rendering [  0.00s] test DEV_dbt_test__audit.unique_silver_runways_runway_id [success]
02:40:19.109492 [debug]: Started analyzing test DEV_dbt_test__audit.unique_silver_runways_runway_id
02:40:19.109500 [debug]: Finished rendering [  0.00s] test DEV_dbt_test__audit.unique_src_runways_runway_id [success]
02:40:19.109513 [debug]: Started analyzing test DEV_dbt_test__audit.unique_src_runways_runway_id
02:40:19.109518 [debug]: Finished rendering [  0.00s] test DEV_dbt_test__audit.unique_src_airports_airport_ident [success]
02:40:19.109530 [debug]: Started analyzing test DEV_dbt_test__audit.unique_src_airports_airport_ident
02:40:19.109537 [debug]: Finished rendering [  0.00s] test DEV_dbt_test__audit.not_null_silver_airports_airport_ident [success]
02:40:19.109549 [debug]: Started analyzing test DEV_dbt_test__audit.not_null_silver_airports_airport_ident
02:40:19.109553 [debug]: Finished rendering [  0.00s] test DEV_dbt_test__audit.not_null_silver_airport_comments_comment_body [success]
02:40:19.109565 [debug]: Started analyzing test DEV_dbt_test__audit.not_null_silver_airport_comments_comment_body
02:40:19.109568 [debug]: Finished rendering [  0.00s] test DEV_dbt_test__audit.not_null_src_airport_comments_comment_id [success]
02:40:19.109580 [debug]: Started analyzing test DEV_dbt_test__audit.not_null_src_airport_comments_comment_id
02:40:19.109583 [debug]: Finished rendering [  0.00s] test DEV_dbt_test__audit.not_null_silver_airport_comments_member_nickname [success]
02:40:19.109586 [debug]: Started analyzing test DEV_dbt_test__audit.not_null_silver_airport_comments_member_nickname
02:40:19.109590 [debug]: Finished rendering [  0.00s] test DEV_dbt_test__audit.not_null_src_runways_airport_ident [success]
02:40:19.109593 [debug]: Started analyzing test DEV_dbt_test__audit.not_null_src_runways_airport_ident
02:40:19.109597 [debug]: Finished rendering [  0.00s] test DEV_dbt_test__audit.not_null_silver_runways_runway_id [success]
02:40:19.109599 [info ]: Finished rendering [  0.00s] (15 nodes, 0 skipped, 0 errors)
02:40:19.109610 [debug]: Started analyzing test DEV_dbt_test__audit.not_null_silver_runways_runway_id
02:40:19.161792 [debug]: Finished analyzing [  0.05s] test DEV_dbt_test__audit.not_null_src_airports_airport_ident [success]
02:40:19.161841 [info ]: Started running (15 nodes)
02:40:19.161866 [debug]: Started running test DEV_dbt_test__audit.not_null_src_airports_airport_ident
02:40:19.161877 [debug]: Finished analyzing [  0.05s] test DEV_dbt_test__audit.not_null_src_runways_runway_id [success]
02:40:19.161895 [debug]: Started running test DEV_dbt_test__audit.not_null_src_runways_runway_id
02:40:19.161902 [debug]: Finished analyzing [  0.05s] test DEV_dbt_test__audit.not_null_silver_airport_comments_comment_id [success]
02:40:19.161918 [debug]: Started running test DEV_dbt_test__audit.not_null_silver_airport_comments_comment_id
02:40:19.161925 [debug]: Finished analyzing [  0.05s] test DEV_dbt_test__audit.not_null_src_airport_comments_comment_id [success]
02:40:19.161939 [debug]: Started running test DEV_dbt_test__audit.not_null_src_airport_comments_comment_id
02:40:19.162162 [debug]: Finished analyzing [  0.05s] test DEV_dbt_test__audit.not_null_silver_airport_comments_member_nickname [success]
02:40:19.162203 [debug]: Started running test DEV_dbt_test__audit.not_null_silver_airport_comments_member_nickname
02:40:19.162296 [debug]: Finished analyzing [  0.05s] test DEV_dbt_test__audit.not_null_silver_airport_comments_comment_body [success]
02:40:19.162319 [debug]: Started running test DEV_dbt_test__audit.not_null_silver_airport_comments_comment_body
02:40:19.162328 [debug]: Finished analyzing [  0.05s] test DEV_dbt_test__audit.not_null_silver_airports_airport_ident [success]
02:40:19.162341 [debug]: Started running test DEV_dbt_test__audit.not_null_silver_airports_airport_ident
02:40:19.163020 [debug]: Finished analyzing [  0.05s] test DEV_dbt_test__audit.not_null_silver_runways_runway_id [success]
02:40:19.163045 [debug]: Started running test DEV_dbt_test__audit.not_null_silver_runways_runway_id
02:40:19.163357 [debug]: Finished analyzing [  0.05s] test DEV_dbt_test__audit.not_null_src_runways_airport_ident [success]
02:40:19.163395 [debug]: Started running test DEV_dbt_test__audit.not_null_src_runways_airport_ident
02:40:19.163714 [debug]: Writing runtime sql for node "test.airstats.not_null_src_airport_comments_comment_id.8ca3c09d27"
02:40:19.163714 [debug]: Writing runtime sql for node "test.airstats.not_null_silver_airports_airport_ident.23a9200d75"
02:40:19.164315 [debug]: Writing runtime sql for node "test.airstats.not_null_silver_airport_comments_comment_body.7618290c46"
02:40:19.164354 [debug]: Writing runtime sql for node "test.airstats.not_null_src_runways_runway_id.47ef077803"
02:40:19.164353 [debug]: Writing runtime sql for node "test.airstats.not_null_silver_airport_comments_comment_id.e7a61a7a48"
02:40:19.165244 [debug]: Writing runtime sql for node "test.airstats.not_null_src_airports_airport_ident.07349ac3ef"
02:40:19.165545 [debug]: Writing runtime sql for node "test.airstats.not_null_silver_airport_comments_member_nickname.37aa0f2aa3"
02:40:19.166049 [debug]: Writing runtime sql for node "test.airstats.not_null_silver_runways_runway_id.946f785ae9"
02:40:19.167166 [debug]: Writing runtime sql for node "test.airstats.not_null_src_runways_airport_ident.2583f32a06"
02:40:19.182848 [debug]: Finished analyzing [  0.07s] test DEV_dbt_test__audit.unique_silver_airport_comments_comment_id [success]
02:40:19.182911 [debug]: Started running test DEV_dbt_test__audit.unique_silver_airport_comments_comment_id
02:40:19.182925 [debug]: Finished analyzing [  0.07s] test DEV_dbt_test__audit.unique_src_airports_airport_ident [success]
02:40:19.182934 [debug]: Started running test DEV_dbt_test__audit.unique_src_airports_airport_ident
02:40:19.182941 [debug]: Finished analyzing [  0.07s] test DEV_dbt_test__audit.unique_src_airport_comments_comment_id [success]
02:40:19.182950 [debug]: Started running test DEV_dbt_test__audit.unique_src_airport_comments_comment_id
02:40:19.182958 [debug]: Finished analyzing [  0.07s] test DEV_dbt_test__audit.unique_silver_runways_runway_id [success]
02:40:19.182967 [debug]: Started running test DEV_dbt_test__audit.unique_silver_runways_runway_id
02:40:19.182972 [debug]: Finished analyzing [  0.07s] test DEV_dbt_test__audit.unique_silver_airports_airport_ident [success]
02:40:19.182979 [debug]: Started running test DEV_dbt_test__audit.unique_silver_airports_airport_ident
02:40:19.182985 [debug]: Finished analyzing [  0.07s] test DEV_dbt_test__audit.unique_src_runways_runway_id [success]
02:40:19.182992 [info ]: Finished analyzing [  0.07s] (15 nodes, 0 skipped, 0 errors)
02:40:19.183008 [debug]: Started running test DEV_dbt_test__audit.unique_src_runways_runway_id
02:40:19.184339 [debug]: Writing runtime sql for node "test.airstats.unique_silver_runways_runway_id.fdfdb1e0d5"
02:40:19.184371 [debug]: Writing runtime sql for node "test.airstats.unique_src_airports_airport_ident.8ef120bfc3"
02:40:19.184378 [debug]: Writing runtime sql for node "test.airstats.unique_silver_airports_airport_ident.e1d5a10237"
02:40:19.184410 [debug]: Writing runtime sql for node "test.airstats.unique_src_runways_runway_id.7deef2bd78"
02:40:19.184815 [debug]: Writing runtime sql for node "test.airstats.unique_silver_airport_comments_comment_id.c911e15327"
02:40:19.185083 [debug]: Writing runtime sql for node "test.airstats.unique_src_airport_comments_comment_id.fcf95d71e9"
02:40:19.516140 [debug]: Query executed on node test.airstats.not_null_silver_airport_comments_comment_body.7618290c46:
select
      count(*) as failures,
      count(*) != 0 as should_warn,
      count(*) != 0 as should_error
    from (
      
    
  
    
    



select comment_body
from AIRSTATS.DEV.silver_airport_comments
where comment_body is null



  
  
      
    ) dbt_internal_test
/* {"app": "dbt", "dbt_version": "2.0.0", "node_id": "test.airstats.not_null_silver_airport_comments_comment_body.7618290c46", "profile_name": "airstats", "target_name": "dev"} */
02:40:19.517993 [info ]:     Passed [  0.41s] test  DEV_dbt_test__audit.not_null_silver_airport_comments_comment_body
02:40:19.518100 [debug]: Finished running [  0.36s] test DEV_dbt_test__audit.not_null_silver_airport_comments_comment_body [pass]
02:40:19.532644 [debug]: Query executed on node test.airstats.not_null_silver_airport_comments_comment_id.e7a61a7a48:
select
      count(*) as failures,
      count(*) != 0 as should_warn,
      count(*) != 0 as should_error
    from (
      
    
  
    
    



select comment_id
from AIRSTATS.DEV.silver_airport_comments
where comment_id is null



  
  
      
    ) dbt_internal_test
/* {"app": "dbt", "dbt_version": "2.0.0", "node_id": "test.airstats.not_null_silver_airport_comments_comment_id.e7a61a7a48", "profile_name": "airstats", "target_name": "dev"} */
02:40:19.534134 [info ]:     Passed [  0.43s] test  DEV_dbt_test__audit.not_null_silver_airport_comments_comment_id
02:40:19.534245 [debug]: Finished running [  0.37s] test DEV_dbt_test__audit.not_null_silver_airport_comments_comment_id [pass]
02:40:19.541873 [debug]: Query executed on node test.airstats.unique_src_airports_airport_ident.8ef120bfc3:
select
      count(*) as failures,
      count(*) != 0 as should_warn,
      count(*) != 0 as should_error
    from (
      
    
  
    
    

select
    airport_ident as unique_field,
    count(*) as n_records

from AIRSTATS.DEV.src_airports
where airport_ident is not null
group by airport_ident
having count(*) > 1



  
  
      
    ) dbt_internal_test
/* {"app": "dbt", "dbt_version": "2.0.0", "node_id": "test.airstats.unique_src_airports_airport_ident.8ef120bfc3", "profile_name": "airstats", "target_name": "dev"} */
02:40:19.541873 [debug]: Query executed on node test.airstats.unique_src_runways_runway_id.7deef2bd78:
select
      count(*) as failures,
      count(*) != 0 as should_warn,
      count(*) != 0 as should_error
    from (
      
    
  
    
    

select
    runway_id as unique_field,
    count(*) as n_records

from AIRSTATS.DEV.src_runways
where runway_id is not null
group by runway_id
having count(*) > 1



  
  
      
    ) dbt_internal_test
/* {"app": "dbt", "dbt_version": "2.0.0", "node_id": "test.airstats.unique_src_runways_runway_id.7deef2bd78", "profile_name": "airstats", "target_name": "dev"} */
02:40:19.543129 [info ]:     Passed [  0.44s] test  DEV_dbt_test__audit.unique_src_runways_runway_id
02:40:19.543214 [debug]: Finished running [  0.36s] test DEV_dbt_test__audit.unique_src_runways_runway_id [pass]
02:40:19.543269 [info ]:     Passed [  0.44s] test  DEV_dbt_test__audit.unique_src_airports_airport_ident
02:40:19.543305 [debug]: Finished running [  0.36s] test DEV_dbt_test__audit.unique_src_airports_airport_ident [pass]
02:40:19.546429 [debug]: Query executed on node test.airstats.unique_silver_airport_comments_comment_id.c911e15327:
select
      count(*) as failures,
      count(*) != 0 as should_warn,
      count(*) != 0 as should_error
    from (
      
    
  
    
    

select
    comment_id as unique_field,
    count(*) as n_records

from AIRSTATS.DEV.silver_airport_comments
where comment_id is not null
group by comment_id
having count(*) > 1



  
  
      
    ) dbt_internal_test
/* {"app": "dbt", "dbt_version": "2.0.0", "node_id": "test.airstats.unique_silver_airport_comments_comment_id.c911e15327", "profile_name": "airstats", "target_name": "dev"} */
02:40:19.547233 [info ]:     Passed [  0.44s] test  DEV_dbt_test__audit.unique_silver_airport_comments_comment_id
02:40:19.547313 [debug]: Finished running [  0.36s] test DEV_dbt_test__audit.unique_silver_airport_comments_comment_id [pass]
02:40:19.551289 [debug]: Query executed on node test.airstats.not_null_silver_airport_comments_member_nickname.37aa0f2aa3:
select
      count(*) as failures,
      count(*) != 0 as should_warn,
      count(*) != 0 as should_error
    from (
      
    
  
    
    



select member_nickname
from AIRSTATS.DEV.silver_airport_comments
where member_nickname is null



  
  
      
    ) dbt_internal_test
/* {"app": "dbt", "dbt_version": "2.0.0", "node_id": "test.airstats.not_null_silver_airport_comments_member_nickname.37aa0f2aa3", "profile_name": "airstats", "target_name": "dev"} */
02:40:19.552056 [info ]:     Passed [  0.45s] test  DEV_dbt_test__audit.not_null_silver_airport_comments_member_nickname
02:40:19.552119 [debug]: Finished running [  0.39s] test DEV_dbt_test__audit.not_null_silver_airport_comments_member_nickname [pass]
02:40:19.571230 [debug]: Query executed on node test.airstats.not_null_src_runways_airport_ident.2583f32a06:
select
      count(*) as failures,
      count(*) != 0 as should_warn,
      count(*) != 0 as should_error
    from (
      
    
  
    
    



select airport_ident
from AIRSTATS.DEV.src_runways
where airport_ident is null



  
  
      
    ) dbt_internal_test
/* {"app": "dbt", "dbt_version": "2.0.0", "node_id": "test.airstats.not_null_src_runways_airport_ident.2583f32a06", "profile_name": "airstats", "target_name": "dev"} */
02:40:19.571954 [debug]: Query executed on node test.airstats.not_null_src_airports_airport_ident.07349ac3ef:
select
      count(*) as failures,
      count(*) != 0 as should_warn,
      count(*) != 0 as should_error
    from (
      
    
  
    
    



select airport_ident
from AIRSTATS.DEV.src_airports
where airport_ident is null



  
  
      
    ) dbt_internal_test
/* {"app": "dbt", "dbt_version": "2.0.0", "node_id": "test.airstats.not_null_src_airports_airport_ident.07349ac3ef", "profile_name": "airstats", "target_name": "dev"} */
02:40:19.572108 [info ]:     Passed [  0.47s] test  DEV_dbt_test__audit.not_null_src_runways_airport_ident
02:40:19.572187 [debug]: Finished running [  0.41s] test DEV_dbt_test__audit.not_null_src_runways_airport_ident [pass]
02:40:19.572437 [info ]:     Passed [  0.47s] test  DEV_dbt_test__audit.not_null_src_airports_airport_ident
02:40:19.572480 [debug]: Finished running [  0.41s] test DEV_dbt_test__audit.not_null_src_airports_airport_ident [pass]
02:40:19.634285 [debug]: Query executed on node test.airstats.not_null_src_runways_runway_id.47ef077803:
select
      count(*) as failures,
      count(*) != 0 as should_warn,
      count(*) != 0 as should_error
    from (
      
    
  
    
    



select runway_id
from AIRSTATS.DEV.src_runways
where runway_id is null



  
  
      
    ) dbt_internal_test
/* {"app": "dbt", "dbt_version": "2.0.0", "node_id": "test.airstats.not_null_src_runways_runway_id.47ef077803", "profile_name": "airstats", "target_name": "dev"} */
02:40:19.634897 [info ]:     Passed [  0.53s] test  DEV_dbt_test__audit.not_null_src_runways_runway_id
02:40:19.634951 [debug]: Finished running [  0.47s] test DEV_dbt_test__audit.not_null_src_runways_runway_id [pass]
02:40:19.638377 [debug]: Query executed on node test.airstats.not_null_silver_runways_runway_id.946f785ae9:
select
      count(*) as failures,
      count(*) != 0 as should_warn,
      count(*) != 0 as should_error
    from (
      
    
  
    
    



select runway_id
from AIRSTATS.DEV.silver_runways
where runway_id is null



  
  
      
    ) dbt_internal_test
/* {"app": "dbt", "dbt_version": "2.0.0", "node_id": "test.airstats.not_null_silver_runways_runway_id.946f785ae9", "profile_name": "airstats", "target_name": "dev"} */
02:40:19.638796 [info ]:     Passed [  0.53s] test  DEV_dbt_test__audit.not_null_silver_runways_runway_id
02:40:19.638833 [debug]: Finished running [  0.48s] test DEV_dbt_test__audit.not_null_silver_runways_runway_id [pass]
02:40:19.641751 [debug]: Query executed on node test.airstats.not_null_src_airport_comments_comment_id.8ca3c09d27:
select
      count(*) as failures,
      count(*) != 0 as should_warn,
      count(*) != 0 as should_error
    from (
      
    
  
    
    



select comment_id
from AIRSTATS.DEV.src_airport_comments
where comment_id is null



  
  
      
    ) dbt_internal_test
/* {"app": "dbt", "dbt_version": "2.0.0", "node_id": "test.airstats.not_null_src_airport_comments_comment_id.8ca3c09d27", "profile_name": "airstats", "target_name": "dev"} */
02:40:19.642138 [info ]:     Passed [  0.54s] test  DEV_dbt_test__audit.not_null_src_airport_comments_comment_id
02:40:19.642177 [debug]: Finished running [  0.48s] test DEV_dbt_test__audit.not_null_src_airport_comments_comment_id [pass]
02:40:19.651829 [debug]: Query executed on node test.airstats.unique_silver_runways_runway_id.fdfdb1e0d5:
select
      count(*) as failures,
      count(*) != 0 as should_warn,
      count(*) != 0 as should_error
    from (
      
    
  
    
    

select
    runway_id as unique_field,
    count(*) as n_records

from AIRSTATS.DEV.silver_runways
where runway_id is not null
group by runway_id
having count(*) > 1



  
  
      
    ) dbt_internal_test
/* {"app": "dbt", "dbt_version": "2.0.0", "node_id": "test.airstats.unique_silver_runways_runway_id.fdfdb1e0d5", "profile_name": "airstats", "target_name": "dev"} */
02:40:19.652395 [info ]:     Passed [  0.55s] test  DEV_dbt_test__audit.unique_silver_runways_runway_id
02:40:19.652434 [debug]: Finished running [  0.47s] test DEV_dbt_test__audit.unique_silver_runways_runway_id [pass]
02:40:19.708611 [debug]: Query executed on node test.airstats.unique_src_airport_comments_comment_id.fcf95d71e9:
select
      count(*) as failures,
      count(*) != 0 as should_warn,
      count(*) != 0 as should_error
    from (
      
    
  
    
    

select
    comment_id as unique_field,
    count(*) as n_records

from AIRSTATS.DEV.src_airport_comments
where comment_id is not null
group by comment_id
having count(*) > 1



  
  
      
    ) dbt_internal_test
/* {"app": "dbt", "dbt_version": "2.0.0", "node_id": "test.airstats.unique_src_airport_comments_comment_id.fcf95d71e9", "profile_name": "airstats", "target_name": "dev"} */
02:40:19.709355 [info ]:     Failed [  0.60s] test  DEV_dbt_test__audit.unique_src_airport_comments_comment_id (models/tests.yml:26:13)
02:40:19.709418 [debug]: Finished running [  0.53s] test DEV_dbt_test__audit.unique_src_airport_comments_comment_id [fail]
02:40:19.822767 [debug]: Query executed on node test.airstats.not_null_silver_airports_airport_ident.23a9200d75:
select
      count(*) as failures,
      count(*) != 0 as should_warn,
      count(*) != 0 as should_error
    from (
      
    
  
    
    



select airport_ident
from AIRSTATS.DEV.silver_airports
where airport_ident is null



  
  
      
    ) dbt_internal_test
/* {"app": "dbt", "dbt_version": "2.0.0", "node_id": "test.airstats.not_null_silver_airports_airport_ident.23a9200d75", "profile_name": "airstats", "target_name": "dev"} */
02:40:19.824473 [info ]:     Passed [  0.72s] test  DEV_dbt_test__audit.not_null_silver_airports_airport_ident
02:40:19.824656 [debug]: Finished running [  0.66s] test DEV_dbt_test__audit.not_null_silver_airports_airport_ident [pass]
02:40:19.861508 [debug]: Query executed on node test.airstats.unique_silver_airports_airport_ident.e1d5a10237:
select
      count(*) as failures,
      count(*) != 0 as should_warn,
      count(*) != 0 as should_error
    from (
      
    
  
    
    

select
    airport_ident as unique_field,
    count(*) as n_records

from AIRSTATS.DEV.silver_airports
where airport_ident is not null
group by airport_ident
having count(*) > 1



  
  
      
    ) dbt_internal_test
/* {"app": "dbt", "dbt_version": "2.0.0", "node_id": "test.airstats.unique_silver_airports_airport_ident.e1d5a10237", "profile_name": "airstats", "target_name": "dev"} */
02:40:19.863251 [info ]:     Passed [  0.76s] test  DEV_dbt_test__audit.unique_silver_airports_airport_ident
02:40:19.863420 [debug]: Finished running [  0.68s] test DEV_dbt_test__audit.unique_silver_airports_airport_ident [pass]
02:40:19.863480 [info ]: Finished running [  0.70s] (15 nodes, 0 skipped, 1 errors)
02:40:19.924523 [info ]: 
==================== Execution Summary =====================
Finished 'test' with 1 error for target 'dev' [981ms]
Processed: 15 tests
Summary: 15 total | 14 success | 1 error
==================== 2026-03-24T02:44:00.882770Z | 019d1dba-48f2-79a0-8573-6fbbd7a80bd3 ====================
02:44:00.882822 [info ]: dbt-fusion 2.0.0-preview.154
02:44:00.882910 [info ]: Started loading project
02:44:00.883444 [info ]: Loading profiles.yml
02:44:00.980533 [debug]:    Started loading packages
02:44:00.981084 [debug]:     Loaded [  0.00s] packages
02:44:00.981405 [info ]: Finished loading project [  0.10s]
02:44:00.981572 [info ]: Started parsing
02:44:00.991657 [debug]: Finished parsing models/sources.yml [  0.00s]
02:44:00.991793 [debug]: Finished parsing models/tests.yml [  0.00s]
02:44:00.992628 [debug]: Finished parsing target/snapshots/scd_silver_airports.sql [  0.00s]
02:44:00.992753 [debug]: Finished parsing target/snapshots/scd_silver_runways.sql [  0.00s]
02:44:00.993194 [debug]: Finished parsing models/bronze/src_airport_comments.sql [  0.00s]
02:44:00.993355 [debug]: Finished parsing models/bronze/src_airports.sql [  0.00s]
02:44:00.993482 [debug]: Finished parsing models/bronze/src_runways.sql [  0.00s]
02:44:00.993684 [debug]: Finished parsing models/silver/silver_airport_comments.sql [  0.00s]
02:44:00.993786 [debug]: Finished parsing models/silver/silver_airports.sql [  0.00s]
02:44:00.993886 [debug]: Finished parsing models/silver/silver_runways.sql [  0.00s]
02:44:00.997004 [debug]: Finished parsing target/generic_tests/not_null_silver_airport_comments_comment_body.sql [  0.00s]
02:44:00.997154 [debug]: Finished parsing target/generic_tests/not_null_silver_airport_comments_comment_id.sql [  0.00s]
02:44:00.997278 [debug]: Finished parsing target/generic_tests/unique_silver_airport_comments_comment_id.sql [  0.00s]
02:44:00.997429 [debug]: Finished parsing target/generic_tests/not_null_silver_airport_comments_member_nickname.sql [  0.00s]
02:44:00.997548 [debug]: Finished parsing target/generic_tests/not_null_silver_airports_airport_ident.sql [  0.00s]
02:44:00.997664 [debug]: Finished parsing target/generic_tests/unique_silver_airports_airport_ident.sql [  0.00s]
02:44:00.997840 [debug]: Finished parsing target/generic_tests/not_null_silver_runways_runway_id.sql [  0.00s]
02:44:00.997980 [debug]: Finished parsing target/generic_tests/unique_silver_runways_runway_id.sql [  0.00s]
02:44:00.998114 [debug]: Finished parsing target/generic_tests/not_null_src_airport_comments_comment_id.sql [  0.00s]
02:44:00.998234 [debug]: Finished parsing target/generic_tests/unique_src_airport_comments_comment_id.sql [  0.00s]
02:44:00.998353 [debug]: Finished parsing target/generic_tests/not_null_src_airports_airport_ident.sql [  0.00s]
02:44:00.998468 [debug]: Finished parsing target/generic_tests/unique_src_airports_airport_ident.sql [  0.00s]
02:44:00.998583 [debug]: Finished parsing target/generic_tests/not_null_src_runways_airport_ident.sql [  0.00s]
02:44:00.998697 [debug]: Finished parsing target/generic_tests/not_null_src_runways_runway_id.sql [  0.00s]
02:44:00.998802 [debug]: Finished parsing target/generic_tests/unique_src_runways_runway_id.sql [  0.00s]
02:44:01.000696 [info ]: Finished parsing [  0.02s]
02:44:01.000859 [info ]: Started scheduling
02:44:01.000963 [info ]: Finished scheduling [  0.00s]
02:44:01.001109 [debug]: Initializing schema store with entry: Frontier(CanonicalFqn { catalog: "AIRSTATS", schema: "DEV", table: "SILVER_RUNWAYS" }) and interval: None
02:44:01.001127 [debug]: Initializing schema store with entry: Frontier(CanonicalFqn { catalog: "AIRSTATS", schema: "DEV", table: "SRC_RUNWAYS" }) and interval: None
02:44:01.001134 [debug]: Initializing schema store with entry: Frontier(CanonicalFqn { catalog: "AIRSTATS", schema: "DEV", table: "SILVER_AIRPORT_COMMENTS" }) and interval: None
02:44:01.001139 [debug]: Initializing schema store with entry: Frontier(CanonicalFqn { catalog: "AIRSTATS", schema: "DEV", table: "SRC_AIRPORT_COMMENTS" }) and interval: None
02:44:01.001146 [debug]: Initializing schema store with entry: Frontier(CanonicalFqn { catalog: "AIRSTATS", schema: "DEV", table: "SILVER_AIRPORTS" }) and interval: None
02:44:01.001151 [debug]: Initializing schema store with entry: Frontier(CanonicalFqn { catalog: "AIRSTATS", schema: "DEV", table: "SRC_AIRPORTS" }) and interval: None
02:44:01.042033 [info ]: Started building task graph
02:44:01.042202 [info ]: Finished building task graph [  0.00s]
02:44:01.042364 [info ]: Started rendering (15 nodes)
02:44:01.042390 [info ]: Started test DEV_dbt_test__audit.unique_src_runways_runway_id
02:44:01.042402 [debug]: Started rendering test DEV_dbt_test__audit.unique_src_runways_runway_id
02:44:01.042415 [info ]: Started test DEV_dbt_test__audit.unique_src_airports_airport_ident
02:44:01.042420 [debug]: Started rendering test DEV_dbt_test__audit.unique_src_airports_airport_ident
02:44:01.042428 [info ]: Started test DEV_dbt_test__audit.unique_src_airport_comments_comment_id
02:44:01.042434 [debug]: Started rendering test DEV_dbt_test__audit.unique_src_airport_comments_comment_id
02:44:01.042440 [info ]: Started test DEV_dbt_test__audit.unique_silver_runways_runway_id
02:44:01.042443 [debug]: Started rendering test DEV_dbt_test__audit.unique_silver_runways_runway_id
02:44:01.042450 [info ]: Started test DEV_dbt_test__audit.unique_silver_airports_airport_ident
02:44:01.042453 [debug]: Started rendering test DEV_dbt_test__audit.unique_silver_airports_airport_ident
02:44:01.042458 [info ]: Started test DEV_dbt_test__audit.unique_silver_airport_comments_comment_id
02:44:01.042461 [debug]: Started rendering test DEV_dbt_test__audit.unique_silver_airport_comments_comment_id
02:44:01.042467 [info ]: Started test DEV_dbt_test__audit.not_null_src_runways_runway_id
02:44:01.042469 [debug]: Started rendering test DEV_dbt_test__audit.not_null_src_runways_runway_id
02:44:01.042478 [info ]: Started test DEV_dbt_test__audit.not_null_src_runways_airport_ident
02:44:01.042481 [debug]: Started rendering test DEV_dbt_test__audit.not_null_src_runways_airport_ident
02:44:01.042582 [info ]: Started test DEV_dbt_test__audit.not_null_src_airports_airport_ident
02:44:01.042592 [debug]: Started rendering test DEV_dbt_test__audit.not_null_src_airports_airport_ident
02:44:01.042600 [info ]: Started test DEV_dbt_test__audit.not_null_src_airport_comments_comment_id
02:44:01.042603 [debug]: Started rendering test DEV_dbt_test__audit.not_null_src_airport_comments_comment_id
02:44:01.042608 [info ]: Started test DEV_dbt_test__audit.not_null_silver_runways_runway_id
02:44:01.042612 [debug]: Started rendering test DEV_dbt_test__audit.not_null_silver_runways_runway_id
02:44:01.042617 [info ]: Started test DEV_dbt_test__audit.not_null_silver_airports_airport_ident
02:44:01.042621 [debug]: Started rendering test DEV_dbt_test__audit.not_null_silver_airports_airport_ident
02:44:01.042628 [info ]: Started test DEV_dbt_test__audit.not_null_silver_airport_comments_member_nickname
02:44:01.042632 [debug]: Started rendering test DEV_dbt_test__audit.not_null_silver_airport_comments_member_nickname
02:44:01.042640 [info ]: Started test DEV_dbt_test__audit.not_null_silver_airport_comments_comment_id
02:44:01.042645 [debug]: Started rendering test DEV_dbt_test__audit.not_null_silver_airport_comments_comment_id
02:44:01.042651 [info ]: Started test DEV_dbt_test__audit.not_null_silver_airport_comments_comment_body
02:44:01.042655 [debug]: Started rendering test DEV_dbt_test__audit.not_null_silver_airport_comments_comment_body
02:44:01.044477 [debug]: Compiled SQL for node test.airstats.unique_src_runways_runway_id.7deef2bd78 at target/compiled/generic_tests/unique_src_runways_runway_id.sql
02:44:01.044501 [debug]: Compiled SQL for node test.airstats.not_null_src_runways_airport_ident.2583f32a06 at target/compiled/generic_tests/not_null_src_runways_airport_ident.sql
02:44:01.044628 [debug]: Compiled SQL for node test.airstats.unique_src_airport_comments_comment_id.fcf95d71e9 at target/compiled/generic_tests/unique_src_airport_comments_comment_id.sql
02:44:01.044668 [debug]: Finished rendering [  0.00s] test DEV_dbt_test__audit.not_null_src_runways_airport_ident [success]
02:44:01.044859 [debug]: Compiled SQL for node test.airstats.not_null_silver_airport_comments_comment_body.7618290c46 at target/compiled/generic_tests/not_null_silver_airport_comments_comment_body.sql
02:44:01.044804 [info ]: Started analyzing (15 nodes)
02:44:01.044891 [debug]: Started analyzing test DEV_dbt_test__audit.not_null_src_runways_airport_ident
02:44:01.045028 [debug]: Compiled SQL for node test.airstats.unique_silver_airport_comments_comment_id.c911e15327 at target/compiled/generic_tests/unique_silver_airport_comments_comment_id.sql
02:44:01.045048 [debug]: Compiled SQL for node test.airstats.unique_src_airports_airport_ident.8ef120bfc3 at target/compiled/generic_tests/unique_src_airports_airport_ident.sql
02:44:01.045023 [debug]: Finished rendering [  0.00s] test DEV_dbt_test__audit.unique_src_runways_runway_id [success]
02:44:01.045135 [debug]: Started analyzing test DEV_dbt_test__audit.unique_src_runways_runway_id
02:44:01.045150 [debug]: Finished rendering [  0.00s] test DEV_dbt_test__audit.unique_src_airport_comments_comment_id [success]
02:44:01.045177 [debug]: Started analyzing test DEV_dbt_test__audit.unique_src_airport_comments_comment_id
02:44:01.045188 [debug]: Finished rendering [  0.00s] test DEV_dbt_test__audit.not_null_silver_airport_comments_comment_body [success]
02:44:01.045201 [debug]: Compiled SQL for node test.airstats.not_null_silver_airport_comments_member_nickname.37aa0f2aa3 at target/compiled/generic_tests/not_null_silver_airport_comments_member_nickname.sql
02:44:01.045214 [debug]: Started analyzing test DEV_dbt_test__audit.not_null_silver_airport_comments_comment_body
02:44:01.045224 [debug]: Finished rendering [  0.00s] test DEV_dbt_test__audit.unique_silver_airport_comments_comment_id [success]
02:44:01.045246 [debug]: Started analyzing test DEV_dbt_test__audit.unique_silver_airport_comments_comment_id
02:44:01.045267 [debug]: Compiled SQL for node test.airstats.unique_silver_runways_runway_id.fdfdb1e0d5 at target/compiled/generic_tests/unique_silver_runways_runway_id.sql
02:44:01.045267 [debug]: Compiled SQL for node test.airstats.not_null_src_airports_airport_ident.07349ac3ef at target/compiled/generic_tests/not_null_src_airports_airport_ident.sql
02:44:01.045256 [debug]: Finished rendering [  0.00s] test DEV_dbt_test__audit.unique_src_airports_airport_ident [success]
02:44:01.045278 [debug]: Compiled SQL for node test.airstats.not_null_src_runways_runway_id.47ef077803 at target/compiled/generic_tests/not_null_src_runways_runway_id.sql
02:44:01.045281 [debug]: Started analyzing test DEV_dbt_test__audit.unique_src_airports_airport_ident
02:44:01.045325 [debug]: Compiled SQL for node test.airstats.not_null_silver_runways_runway_id.946f785ae9 at target/compiled/generic_tests/not_null_silver_runways_runway_id.sql
02:44:01.045337 [debug]: Compiled SQL for node test.airstats.not_null_silver_airport_comments_comment_id.e7a61a7a48 at target/compiled/generic_tests/not_null_silver_airport_comments_comment_id.sql
02:44:01.045293 [debug]: Finished rendering [  0.00s] test DEV_dbt_test__audit.not_null_silver_airport_comments_member_nickname [success]
02:44:01.045348 [debug]: Started analyzing test DEV_dbt_test__audit.not_null_silver_airport_comments_member_nickname
02:44:01.045367 [debug]: Finished rendering [  0.00s] test DEV_dbt_test__audit.not_null_src_airports_airport_ident [success]
02:44:01.045392 [debug]: Started analyzing test DEV_dbt_test__audit.not_null_src_airports_airport_ident
02:44:01.045401 [debug]: Compiled SQL for node test.airstats.not_null_silver_airports_airport_ident.23a9200d75 at target/compiled/generic_tests/not_null_silver_airports_airport_ident.sql
02:44:01.045412 [debug]: Compiled SQL for node test.airstats.unique_silver_airports_airport_ident.e1d5a10237 at target/compiled/generic_tests/unique_silver_airports_airport_ident.sql
02:44:01.045416 [debug]: Finished rendering [  0.00s] test DEV_dbt_test__audit.unique_silver_runways_runway_id [success]
02:44:01.045454 [debug]: Started analyzing test DEV_dbt_test__audit.unique_silver_runways_runway_id
02:44:01.045462 [debug]: Finished rendering [  0.00s] test DEV_dbt_test__audit.not_null_src_runways_runway_id [success]
02:44:01.045477 [debug]: Started analyzing test DEV_dbt_test__audit.not_null_src_runways_runway_id
02:44:01.045483 [debug]: Finished rendering [  0.00s] test DEV_dbt_test__audit.not_null_silver_runways_runway_id [success]
02:44:01.045496 [debug]: Started analyzing test DEV_dbt_test__audit.not_null_silver_runways_runway_id
02:44:01.045500 [debug]: Finished rendering [  0.00s] test DEV_dbt_test__audit.not_null_silver_airport_comments_comment_id [success]
02:44:01.045511 [debug]: Started analyzing test DEV_dbt_test__audit.not_null_silver_airport_comments_comment_id
02:44:01.045515 [debug]: Finished rendering [  0.00s] test DEV_dbt_test__audit.not_null_silver_airports_airport_ident [success]
02:44:01.045518 [debug]: Started analyzing test DEV_dbt_test__audit.not_null_silver_airports_airport_ident
02:44:01.045522 [debug]: Finished rendering [  0.00s] test DEV_dbt_test__audit.unique_silver_airports_airport_ident [success]
02:44:01.045525 [debug]: Started analyzing test DEV_dbt_test__audit.unique_silver_airports_airport_ident
02:44:01.086625 [debug]: Finished analyzing [  0.04s] test DEV_dbt_test__audit.not_null_silver_airport_comments_comment_body [success]
02:44:01.086691 [info ]: Started running (15 nodes)
02:44:01.086712 [debug]: Started running test DEV_dbt_test__audit.not_null_silver_airport_comments_comment_body
02:44:01.086762 [debug]: Compiled SQL for node test.airstats.not_null_src_airport_comments_comment_id.8ca3c09d27 at target/compiled/generic_tests/not_null_src_airport_comments_comment_id.sql
02:44:01.086765 [debug]: Finished analyzing [  0.04s] test DEV_dbt_test__audit.not_null_src_airports_airport_ident [success]
02:44:01.086854 [debug]: Started running test DEV_dbt_test__audit.not_null_src_airports_airport_ident
02:44:01.086878 [debug]: Finished analyzing [  0.04s] test DEV_dbt_test__audit.not_null_silver_airport_comments_member_nickname [success]
02:44:01.086918 [debug]: Started running test DEV_dbt_test__audit.not_null_silver_airport_comments_member_nickname
02:44:01.086933 [debug]: Finished rendering [  0.04s] test DEV_dbt_test__audit.not_null_src_airport_comments_comment_id [success]
02:44:01.087124 [info ]: Finished rendering [  0.04s] (15 nodes, 0 skipped, 0 errors)
02:44:01.087664 [debug]: Started analyzing test DEV_dbt_test__audit.not_null_src_airport_comments_comment_id
02:44:01.087691 [debug]: Finished analyzing [  0.04s] test DEV_dbt_test__audit.not_null_src_runways_airport_ident [success]
02:44:01.087740 [debug]: Started running test DEV_dbt_test__audit.not_null_src_runways_airport_ident
02:44:01.087754 [debug]: Finished analyzing [  0.04s] test DEV_dbt_test__audit.not_null_silver_airports_airport_ident [success]
02:44:01.087782 [debug]: Started running test DEV_dbt_test__audit.not_null_silver_airports_airport_ident
02:44:01.087794 [debug]: Finished analyzing [  0.04s] test DEV_dbt_test__audit.not_null_silver_airport_comments_comment_id [success]
02:44:01.087810 [debug]: Started running test DEV_dbt_test__audit.not_null_silver_airport_comments_comment_id
02:44:01.087944 [debug]: Finished analyzing [  0.04s] test DEV_dbt_test__audit.not_null_silver_runways_runway_id [success]
02:44:01.087966 [debug]: Started running test DEV_dbt_test__audit.not_null_silver_runways_runway_id
02:44:01.088205 [debug]: Finished analyzing [  0.04s] test DEV_dbt_test__audit.not_null_src_runways_runway_id [success]
02:44:01.088221 [debug]: Started running test DEV_dbt_test__audit.not_null_src_runways_runway_id
02:44:01.088687 [debug]: Finished analyzing [  0.00s] test DEV_dbt_test__audit.not_null_src_airport_comments_comment_id [success]
02:44:01.088717 [debug]: Started running test DEV_dbt_test__audit.not_null_src_airport_comments_comment_id
02:44:01.088749 [debug]: Writing runtime sql for node "test.airstats.not_null_silver_airport_comments_comment_body.7618290c46"
02:44:01.089014 [debug]: Writing runtime sql for node "test.airstats.not_null_src_airports_airport_ident.07349ac3ef"
02:44:01.090183 [debug]: Writing runtime sql for node "test.airstats.not_null_silver_airport_comments_member_nickname.37aa0f2aa3"
02:44:01.090748 [debug]: Writing runtime sql for node "test.airstats.not_null_silver_runways_runway_id.946f785ae9"
02:44:01.092074 [debug]: Writing runtime sql for node "test.airstats.not_null_src_runways_runway_id.47ef077803"
02:44:01.092226 [debug]: Writing runtime sql for node "test.airstats.not_null_src_runways_airport_ident.2583f32a06"
02:44:01.092348 [debug]: Writing runtime sql for node "test.airstats.not_null_silver_airport_comments_comment_id.e7a61a7a48"
02:44:01.093033 [debug]: Finished analyzing [  0.05s] test DEV_dbt_test__audit.unique_src_runways_runway_id [success]
02:44:01.093059 [debug]: Started running test DEV_dbt_test__audit.unique_src_runways_runway_id
02:44:01.093123 [debug]: Finished analyzing [  0.05s] test DEV_dbt_test__audit.unique_silver_airport_comments_comment_id [success]
02:44:01.093138 [debug]: Started running test DEV_dbt_test__audit.unique_silver_airport_comments_comment_id
02:44:01.093268 [debug]: Finished analyzing [  0.05s] test DEV_dbt_test__audit.unique_src_airports_airport_ident [success]
02:44:01.093395 [debug]: Started running test DEV_dbt_test__audit.unique_src_airports_airport_ident
02:44:01.093533 [debug]: Finished analyzing [  0.05s] test DEV_dbt_test__audit.unique_silver_runways_runway_id [success]
02:44:01.093547 [debug]: Writing runtime sql for node "test.airstats.not_null_silver_airports_airport_ident.23a9200d75"
02:44:01.093571 [debug]: Started running test DEV_dbt_test__audit.unique_silver_runways_runway_id
02:44:01.093766 [debug]: Finished analyzing [  0.05s] test DEV_dbt_test__audit.unique_silver_airports_airport_ident [success]
02:44:01.093807 [debug]: Started running test DEV_dbt_test__audit.unique_silver_airports_airport_ident
02:44:01.093986 [debug]: Finished analyzing [  0.05s] test DEV_dbt_test__audit.unique_src_airport_comments_comment_id [success]
02:44:01.093999 [info ]: Finished analyzing [  0.05s] (15 nodes, 0 skipped, 0 errors)
02:44:01.094029 [debug]: Started running test DEV_dbt_test__audit.unique_src_airport_comments_comment_id
02:44:01.094518 [debug]: Writing runtime sql for node "test.airstats.unique_src_runways_runway_id.7deef2bd78"
02:44:01.094637 [debug]: Writing runtime sql for node "test.airstats.not_null_src_airport_comments_comment_id.8ca3c09d27"
02:44:01.094742 [debug]: Writing runtime sql for node "test.airstats.unique_silver_airport_comments_comment_id.c911e15327"
02:44:01.094829 [debug]: Writing runtime sql for node "test.airstats.unique_silver_airports_airport_ident.e1d5a10237"
02:44:01.094915 [debug]: Writing runtime sql for node "test.airstats.unique_src_airport_comments_comment_id.fcf95d71e9"
02:44:01.095266 [debug]: Writing runtime sql for node "test.airstats.unique_silver_runways_runway_id.fdfdb1e0d5"
02:44:01.095289 [debug]: Writing runtime sql for node "test.airstats.unique_src_airports_airport_ident.8ef120bfc3"
02:44:01.750672 [debug]: Query executed on node test.airstats.unique_silver_airport_comments_comment_id.c911e15327:
select
      count(*) as failures,
      count(*) != 0 as should_warn,
      count(*) != 0 as should_error
    from (
      
    
  
    
    

select
    comment_id as unique_field,
    count(*) as n_records

from AIRSTATS.DEV.silver_airport_comments
where comment_id is not null
group by comment_id
having count(*) > 1



  
  
      
    ) dbt_internal_test
/* {"app": "dbt", "dbt_version": "2.0.0", "node_id": "test.airstats.unique_silver_airport_comments_comment_id.c911e15327", "profile_name": "airstats", "target_name": "dev"} */
02:44:01.752547 [info ]:     Passed [  0.71s] test  DEV_dbt_test__audit.unique_silver_airport_comments_comment_id
02:44:01.752693 [debug]: Finished running [  0.66s] test DEV_dbt_test__audit.unique_silver_airport_comments_comment_id [pass]
02:44:01.758381 [debug]: Query executed on node test.airstats.not_null_silver_airport_comments_comment_body.7618290c46:
select
      count(*) as failures,
      count(*) != 0 as should_warn,
      count(*) != 0 as should_error
    from (
      
    
  
    
    



select comment_body
from AIRSTATS.DEV.silver_airport_comments
where comment_body is null



  
  
      
    ) dbt_internal_test
/* {"app": "dbt", "dbt_version": "2.0.0", "node_id": "test.airstats.not_null_silver_airport_comments_comment_body.7618290c46", "profile_name": "airstats", "target_name": "dev"} */
02:44:01.759921 [info ]:     Passed [  0.72s] test  DEV_dbt_test__audit.not_null_silver_airport_comments_comment_body
02:44:01.760057 [debug]: Finished running [  0.67s] test DEV_dbt_test__audit.not_null_silver_airport_comments_comment_body [pass]
02:44:01.763328 [debug]: Query executed on node test.airstats.unique_src_runways_runway_id.7deef2bd78:
select
      count(*) as failures,
      count(*) != 0 as should_warn,
      count(*) != 0 as should_error
    from (
      
    
  
    
    

select
    runway_id as unique_field,
    count(*) as n_records

from AIRSTATS.DEV.src_runways
where runway_id is not null
group by runway_id
having count(*) > 1



  
  
      
    ) dbt_internal_test
/* {"app": "dbt", "dbt_version": "2.0.0", "node_id": "test.airstats.unique_src_runways_runway_id.7deef2bd78", "profile_name": "airstats", "target_name": "dev"} */
02:44:01.764725 [info ]:     Passed [  0.72s] test  DEV_dbt_test__audit.unique_src_runways_runway_id
02:44:01.764850 [debug]: Finished running [  0.67s] test DEV_dbt_test__audit.unique_src_runways_runway_id [pass]
02:44:01.775761 [debug]: Query executed on node test.airstats.not_null_silver_airport_comments_member_nickname.37aa0f2aa3:
select
      count(*) as failures,
      count(*) != 0 as should_warn,
      count(*) != 0 as should_error
    from (
      
    
  
    
    



select member_nickname
from AIRSTATS.DEV.silver_airport_comments
where member_nickname is null



  
  
      
    ) dbt_internal_test
/* {"app": "dbt", "dbt_version": "2.0.0", "node_id": "test.airstats.not_null_silver_airport_comments_member_nickname.37aa0f2aa3", "profile_name": "airstats", "target_name": "dev"} */
02:44:01.776804 [debug]: Query executed on node test.airstats.not_null_silver_runways_runway_id.946f785ae9:
select
      count(*) as failures,
      count(*) != 0 as should_warn,
      count(*) != 0 as should_error
    from (
      
    
  
    
    



select runway_id
from AIRSTATS.DEV.silver_runways
where runway_id is null



  
  
      
    ) dbt_internal_test
/* {"app": "dbt", "dbt_version": "2.0.0", "node_id": "test.airstats.not_null_silver_runways_runway_id.946f785ae9", "profile_name": "airstats", "target_name": "dev"} */
02:44:01.777012 [info ]:     Passed [  0.73s] test  DEV_dbt_test__audit.not_null_silver_airport_comments_member_nickname
02:44:01.777110 [debug]: Finished running [  0.69s] test DEV_dbt_test__audit.not_null_silver_airport_comments_member_nickname [pass]
02:44:01.777617 [info ]:     Passed [  0.73s] test  DEV_dbt_test__audit.not_null_silver_runways_runway_id
02:44:01.777672 [debug]: Finished running [  0.69s] test DEV_dbt_test__audit.not_null_silver_runways_runway_id [pass]
02:44:01.784750 [debug]: Query executed on node test.airstats.not_null_src_airports_airport_ident.07349ac3ef:
select
      count(*) as failures,
      count(*) != 0 as should_warn,
      count(*) != 0 as should_error
    from (
      
    
  
    
    



select airport_ident
from AIRSTATS.DEV.src_airports
where airport_ident is null



  
  
      
    ) dbt_internal_test
/* {"app": "dbt", "dbt_version": "2.0.0", "node_id": "test.airstats.not_null_src_airports_airport_ident.07349ac3ef", "profile_name": "airstats", "target_name": "dev"} */
02:44:01.785416 [info ]:     Passed [  0.74s] test  DEV_dbt_test__audit.not_null_src_airports_airport_ident
02:44:01.785471 [debug]: Finished running [  0.70s] test DEV_dbt_test__audit.not_null_src_airports_airport_ident [pass]
02:44:01.810457 [debug]: Query executed on node test.airstats.unique_src_airport_comments_comment_id.fcf95d71e9:
select
      count(*) as failures,
      count(*) != 0 as should_warn,
      count(*) != 0 as should_error
    from (
      
    
  
    
    

select
    comment_id as unique_field,
    count(*) as n_records

from AIRSTATS.DEV.src_airport_comments
where comment_id is not null
group by comment_id
having count(*) > 1



  
  
      
    ) dbt_internal_test
/* {"app": "dbt", "dbt_version": "2.0.0", "node_id": "test.airstats.unique_src_airport_comments_comment_id.fcf95d71e9", "profile_name": "airstats", "target_name": "dev"} */
02:44:01.811100 [info ]:     Failed [  0.77s] test  DEV_dbt_test__audit.unique_src_airport_comments_comment_id (models/tests.yml:26:13)
02:44:01.811156 [debug]: Finished running [  0.72s] test DEV_dbt_test__audit.unique_src_airport_comments_comment_id [fail]
02:44:01.814493 [debug]: Query executed on node test.airstats.not_null_src_airport_comments_comment_id.8ca3c09d27:
select
      count(*) as failures,
      count(*) != 0 as should_warn,
      count(*) != 0 as should_error
    from (
      
    
  
    
    



select comment_id
from AIRSTATS.DEV.src_airport_comments
where comment_id is null



  
  
      
    ) dbt_internal_test
/* {"app": "dbt", "dbt_version": "2.0.0", "node_id": "test.airstats.not_null_src_airport_comments_comment_id.8ca3c09d27", "profile_name": "airstats", "target_name": "dev"} */
02:44:01.815034 [info ]:     Passed [  0.77s] test  DEV_dbt_test__audit.not_null_src_airport_comments_comment_id
02:44:01.815082 [debug]: Finished running [  0.73s] test DEV_dbt_test__audit.not_null_src_airport_comments_comment_id [pass]
02:44:01.825354 [debug]: Query executed on node test.airstats.not_null_silver_airport_comments_comment_id.e7a61a7a48:
select
      count(*) as failures,
      count(*) != 0 as should_warn,
      count(*) != 0 as should_error
    from (
      
    
  
    
    



select comment_id
from AIRSTATS.DEV.silver_airport_comments
where comment_id is null



  
  
      
    ) dbt_internal_test
/* {"app": "dbt", "dbt_version": "2.0.0", "node_id": "test.airstats.not_null_silver_airport_comments_comment_id.e7a61a7a48", "profile_name": "airstats", "target_name": "dev"} */
02:44:01.825847 [debug]: Query executed on node test.airstats.unique_silver_airports_airport_ident.e1d5a10237:
select
      count(*) as failures,
      count(*) != 0 as should_warn,
      count(*) != 0 as should_error
    from (
      
    
  
    
    

select
    airport_ident as unique_field,
    count(*) as n_records

from AIRSTATS.DEV.silver_airports
where airport_ident is not null
group by airport_ident
having count(*) > 1



  
  
      
    ) dbt_internal_test
/* {"app": "dbt", "dbt_version": "2.0.0", "node_id": "test.airstats.unique_silver_airports_airport_ident.e1d5a10237", "profile_name": "airstats", "target_name": "dev"} */
02:44:01.826123 [info ]:     Passed [  0.78s] test  DEV_dbt_test__audit.not_null_silver_airport_comments_comment_id
02:44:01.826176 [debug]: Finished running [  0.74s] test DEV_dbt_test__audit.not_null_silver_airport_comments_comment_id [pass]
02:44:01.826366 [info ]:     Passed [  0.78s] test  DEV_dbt_test__audit.unique_silver_airports_airport_ident
02:44:01.826407 [debug]: Finished running [  0.73s] test DEV_dbt_test__audit.unique_silver_airports_airport_ident [pass]
02:44:01.828971 [debug]: Query executed on node test.airstats.unique_src_airports_airport_ident.8ef120bfc3:
select
      count(*) as failures,
      count(*) != 0 as should_warn,
      count(*) != 0 as should_error
    from (
      
    
  
    
    

select
    airport_ident as unique_field,
    count(*) as n_records

from AIRSTATS.DEV.src_airports
where airport_ident is not null
group by airport_ident
having count(*) > 1



  
  
      
    ) dbt_internal_test
/* {"app": "dbt", "dbt_version": "2.0.0", "node_id": "test.airstats.unique_src_airports_airport_ident.8ef120bfc3", "profile_name": "airstats", "target_name": "dev"} */
02:44:01.829368 [info ]:     Passed [  0.78s] test  DEV_dbt_test__audit.unique_src_airports_airport_ident
02:44:01.829401 [debug]: Finished running [  0.74s] test DEV_dbt_test__audit.unique_src_airports_airport_ident [pass]
02:44:01.853255 [debug]: Query executed on node test.airstats.not_null_silver_airports_airport_ident.23a9200d75:
select
      count(*) as failures,
      count(*) != 0 as should_warn,
      count(*) != 0 as should_error
    from (
      
    
  
    
    



select airport_ident
from AIRSTATS.DEV.silver_airports
where airport_ident is null



  
  
      
    ) dbt_internal_test
/* {"app": "dbt", "dbt_version": "2.0.0", "node_id": "test.airstats.not_null_silver_airports_airport_ident.23a9200d75", "profile_name": "airstats", "target_name": "dev"} */
02:44:01.853834 [info ]:     Passed [  0.81s] test  DEV_dbt_test__audit.not_null_silver_airports_airport_ident
02:44:01.853880 [debug]: Finished running [  0.77s] test DEV_dbt_test__audit.not_null_silver_airports_airport_ident [pass]
02:44:01.866117 [debug]: Query executed on node test.airstats.not_null_src_runways_runway_id.47ef077803:
select
      count(*) as failures,
      count(*) != 0 as should_warn,
      count(*) != 0 as should_error
    from (
      
    
  
    
    



select runway_id
from AIRSTATS.DEV.src_runways
where runway_id is null



  
  
      
    ) dbt_internal_test
/* {"app": "dbt", "dbt_version": "2.0.0", "node_id": "test.airstats.not_null_src_runways_runway_id.47ef077803", "profile_name": "airstats", "target_name": "dev"} */
02:44:01.866694 [info ]:     Passed [  0.82s] test  DEV_dbt_test__audit.not_null_src_runways_runway_id
02:44:01.866738 [debug]: Finished running [  0.78s] test DEV_dbt_test__audit.not_null_src_runways_runway_id [pass]
02:44:01.867363 [debug]: Query executed on node test.airstats.unique_silver_runways_runway_id.fdfdb1e0d5:
select
      count(*) as failures,
      count(*) != 0 as should_warn,
      count(*) != 0 as should_error
    from (
      
    
  
    
    

select
    runway_id as unique_field,
    count(*) as n_records

from AIRSTATS.DEV.silver_runways
where runway_id is not null
group by runway_id
having count(*) > 1



  
  
      
    ) dbt_internal_test
/* {"app": "dbt", "dbt_version": "2.0.0", "node_id": "test.airstats.unique_silver_runways_runway_id.fdfdb1e0d5", "profile_name": "airstats", "target_name": "dev"} */
02:44:01.867738 [info ]:     Passed [  0.82s] test  DEV_dbt_test__audit.unique_silver_runways_runway_id
02:44:01.867771 [debug]: Finished running [  0.77s] test DEV_dbt_test__audit.unique_silver_runways_runway_id [pass]
02:44:01.925008 [debug]: Query executed on node test.airstats.not_null_src_runways_airport_ident.2583f32a06:
select
      count(*) as failures,
      count(*) != 0 as should_warn,
      count(*) != 0 as should_error
    from (
      
    
  
    
    



select airport_ident
from AIRSTATS.DEV.src_runways
where airport_ident is null



  
  
      
    ) dbt_internal_test
/* {"app": "dbt", "dbt_version": "2.0.0", "node_id": "test.airstats.not_null_src_runways_airport_ident.2583f32a06", "profile_name": "airstats", "target_name": "dev"} */
02:44:01.925529 [info ]:     Passed [  0.88s] test  DEV_dbt_test__audit.not_null_src_runways_airport_ident
02:44:01.925599 [debug]: Finished running [  0.84s] test DEV_dbt_test__audit.not_null_src_runways_airport_ident [pass]
02:44:01.925652 [info ]: Finished running [  0.84s] (15 nodes, 0 skipped, 1 errors)
02:44:01.974507 [info ]: 
==================== Execution Summary =====================
Finished 'test' with 1 error for target 'dev' [1.1s]
Processed: 15 tests
Summary: 15 total | 14 success | 1 error
==================== 2026-03-24T02:44:25.616617Z | 019d1dba-a98f-73a0-90d5-43e9ac13ba26 ====================
02:44:25.616669 [info ]: dbt-fusion 2.0.0-preview.154
02:44:25.616753 [info ]: Started loading project
02:44:25.617295 [info ]: Loading profiles.yml
02:44:25.714870 [debug]:    Started loading packages
02:44:25.715422 [debug]:     Loaded [  0.00s] packages
02:44:25.715735 [info ]: Finished loading project [  0.10s]
02:44:25.715899 [info ]: Started parsing
02:44:25.725986 [debug]: Finished parsing models/sources.yml [  0.00s]
02:44:25.726109 [debug]: Finished parsing models/tests.yml [  0.00s]
02:44:25.727185 [debug]: Finished parsing target/snapshots/scd_silver_airports.sql [  0.00s]
02:44:25.727318 [debug]: Finished parsing target/snapshots/scd_silver_runways.sql [  0.00s]
02:44:25.728014 [debug]: Finished parsing models/bronze/src_airport_comments.sql [  0.00s]
02:44:25.728161 [debug]: Finished parsing models/bronze/src_airports.sql [  0.00s]
02:44:25.728341 [debug]: Finished parsing models/bronze/src_runways.sql [  0.00s]
02:44:25.728590 [debug]: Finished parsing models/silver/silver_airport_comments.sql [  0.00s]
02:44:25.728716 [debug]: Finished parsing models/silver/silver_airports.sql [  0.00s]
02:44:25.728825 [debug]: Finished parsing models/silver/silver_runways.sql [  0.00s]
02:44:25.731484 [debug]: Finished parsing target/generic_tests/not_null_silver_airport_comments_comment_body.sql [  0.00s]
02:44:25.731634 [debug]: Finished parsing target/generic_tests/not_null_silver_airport_comments_comment_id.sql [  0.00s]
02:44:25.731768 [debug]: Finished parsing target/generic_tests/unique_silver_airport_comments_comment_id.sql [  0.00s]
02:44:25.731956 [debug]: Finished parsing target/generic_tests/not_null_silver_airport_comments_member_nickname.sql [  0.00s]
02:44:25.732096 [debug]: Finished parsing target/generic_tests/not_null_silver_airports_airport_ident.sql [  0.00s]
02:44:25.732224 [debug]: Finished parsing target/generic_tests/unique_silver_airports_airport_ident.sql [  0.00s]
02:44:25.732350 [debug]: Finished parsing target/generic_tests/not_null_silver_runways_runway_id.sql [  0.00s]
02:44:25.732467 [debug]: Finished parsing target/generic_tests/unique_silver_runways_runway_id.sql [  0.00s]
02:44:25.732595 [debug]: Finished parsing target/generic_tests/not_null_src_airport_comments_comment_id.sql [  0.00s]
02:44:25.732703 [debug]: Finished parsing target/generic_tests/unique_src_airport_comments_comment_id.sql [  0.00s]
02:44:25.732816 [debug]: Finished parsing target/generic_tests/not_null_src_airports_airport_ident.sql [  0.00s]
02:44:25.732921 [debug]: Finished parsing target/generic_tests/unique_src_airports_airport_ident.sql [  0.00s]
02:44:25.733032 [debug]: Finished parsing target/generic_tests/not_null_src_runways_airport_ident.sql [  0.00s]
02:44:25.733143 [debug]: Finished parsing target/generic_tests/not_null_src_runways_runway_id.sql [  0.00s]
02:44:25.733247 [debug]: Finished parsing target/generic_tests/unique_src_runways_runway_id.sql [  0.00s]
02:44:25.735121 [info ]: Finished parsing [  0.02s]
02:44:25.735263 [info ]: Started scheduling
02:44:25.735340 [info ]: Finished scheduling [  0.00s]
02:44:25.735457 [debug]: Initializing schema store with entry: Frontier(CanonicalFqn { catalog: "AIRSTATS", schema: "RAW", table: "RUNWAYS" }) and interval: None
02:44:25.735473 [debug]: Initializing schema store with entry: Frontier(CanonicalFqn { catalog: "AIRSTATS", schema: "RAW", table: "AIRPORTS" }) and interval: None
02:44:25.735481 [debug]: Initializing schema store with entry: Frontier(CanonicalFqn { catalog: "AIRSTATS", schema: "RAW", table: "AIRPORT_COMMENTS" }) and interval: None
02:44:25.735741 [debug]:    Started downloading relations (1 items)
02:44:26.843998 [debug]: Query executed on node unknown:
SHOW OBJECTS IN SCHEMA "AIRSTATS"."DEV" LIMIT 10000
02:44:27.747857 [debug]:   Finished [  2.01s] downloading relations (1 items)
02:44:27.748007 [info ]: Started downloading schemas
02:44:28.078796 [debug]: Query executed on node unknown:
describe table "AIRSTATS"."DEV"."SILVER_AIRPORT_COMMENTS"
02:44:28.228646 [info ]: Downloaded AIRSTATS.DEV.silver_airport_comments (schema)
02:44:28.230227 [info ]: Finished downloading schemas [  0.48s]
02:44:28.292274 [info ]: Started building task graph
02:44:28.292386 [info ]: Finished building task graph [  0.00s]
02:44:28.656483 [debug]: Query executed on node unknown:
show terse schemas in database AIRSTATS
    limit 10000
/* {"app": "dbt", "connection_name": "", "dbt_version": "2.0.0", "profile_name": "airstats", "target_name": "dev"} */
02:44:28.657038 [info ]: Started rendering (6 nodes)
02:44:28.657163 [info ]: Started model DEV.src_runways
02:44:28.657197 [debug]: Started rendering model DEV.src_runways
02:44:28.657239 [info ]: Started model DEV.src_airports
02:44:28.657250 [debug]: Started rendering model DEV.src_airports
02:44:28.657267 [info ]: Started model DEV.src_airport_comments
02:44:28.657276 [debug]: Started rendering model DEV.src_airport_comments
02:44:28.659609 [debug]: Compiled SQL for node model.airstats.src_runways at target/compiled/models/bronze/src_runways.sql
02:44:28.659609 [debug]: Compiled SQL for node model.airstats.src_airport_comments at target/compiled/models/bronze/src_airport_comments.sql
02:44:28.659610 [debug]: Compiled SQL for node model.airstats.src_airports at target/compiled/models/bronze/src_airports.sql
02:44:28.659720 [debug]: Finished rendering [  0.00s] model DEV.src_airports [success]
02:44:28.659817 [info ]: Started analyzing (6 nodes)
02:44:28.659870 [debug]: Started analyzing model DEV.src_airports
02:44:28.659904 [debug]: Finished rendering [  0.00s] model DEV.src_airport_comments [success]
02:44:28.659937 [debug]: Started analyzing model DEV.src_airport_comments
02:44:28.659951 [debug]: Finished rendering [  0.00s] model DEV.src_runways [success]
02:44:28.659976 [debug]: Started analyzing model DEV.src_runways
02:44:28.708433 [debug]: Finished analyzing [  0.05s] model DEV.src_airports [success]
02:44:28.708496 [info ]: Started model DEV.silver_airports
02:44:28.708507 [debug]: Started rendering model DEV.silver_airports
02:44:28.708520 [info ]: Started running (6 nodes)
02:44:28.708546 [debug]: Started running model DEV.src_airports
02:44:28.708555 [debug]: Finished analyzing [  0.05s] model DEV.src_runways [success]
02:44:28.708577 [debug]: Started running model DEV.src_runways
02:44:28.708585 [info ]: Started model DEV.silver_runways
02:44:28.708589 [debug]: Started rendering model DEV.silver_runways
02:44:28.708596 [debug]: Finished analyzing [  0.05s] model DEV.src_airport_comments [success]
02:44:28.708615 [debug]: Started running model DEV.src_airport_comments
02:44:28.708624 [info ]: Started model DEV.silver_airport_comments
02:44:28.708628 [debug]: Started rendering model DEV.silver_airport_comments
02:44:28.709753 [debug]: Compiled SQL for node model.airstats.silver_runways at target/compiled/models/silver/silver_runways.sql
02:44:28.709779 [debug]: Finished rendering [  0.00s] model DEV.silver_runways [success]
02:44:28.709811 [debug]: Started analyzing model DEV.silver_runways
02:44:28.709863 [debug]: Compiled SQL for node model.airstats.silver_airport_comments at target/compiled/models/silver/silver_airport_comments.sql
02:44:28.709875 [debug]: Finished rendering [  0.00s] model DEV.silver_airport_comments [success]
02:44:28.709898 [debug]: Started analyzing model DEV.silver_airport_comments
02:44:28.709905 [debug]: Compiled SQL for node model.airstats.silver_airports at target/compiled/models/silver/silver_airports.sql
02:44:28.709917 [debug]: Finished rendering [  0.00s] model DEV.silver_airports [success]
02:44:28.709933 [info ]: Finished rendering [  0.05s] (6 nodes, 0 skipped, 0 errors)
02:44:28.709956 [debug]: Started analyzing model DEV.silver_airports
02:44:28.710418 [debug]: Finished analyzing [  0.00s] model DEV.silver_airports [success]
02:44:28.710568 [debug]: Writing runtime sql for node "model.airstats.src_airport_comments"
02:44:28.710620 [debug]: Writing runtime sql for node "model.airstats.src_airports"
02:44:28.710637 [debug]: Writing runtime sql for node "model.airstats.src_runways"
02:44:28.724972 [debug]: Finished analyzing [  0.02s] model DEV.silver_runways [success]
02:44:28.727876 [debug]: Finished analyzing [  0.02s] model DEV.silver_airport_comments [success]
02:44:28.727903 [info ]: Finished analyzing [  0.07s] (6 nodes, 0 skipped, 0 errors)
02:44:29.190892 [debug]: Query executed on node model.airstats.src_airport_comments:
create or replace   view AIRSTATS.DEV.src_airport_comments
  
  
  
  
  as (
    with source as (

    select *
    from AIRSTATS.RAW.airport_comments

),

renamed as (

    select distinct
        id as comment_id,
        airport_ident,
        date as comment_timestamp,
        member_nickname,
        subject as comment_subject,
        body as comment_body

    from source

)

select *
from renamed
  )
/* {"app": "dbt", "dbt_version": "2.0.0", "node_id": "model.airstats.src_airport_comments", "profile_name": "airstats", "target_name": "dev"} */
02:44:29.192833 [info ]:  Succeeded [  0.53s] model DEV.src_airport_comments (view)
02:44:29.192986 [debug]: Finished running [  0.48s] model DEV.src_airport_comments [success]
02:44:29.193106 [debug]: Started running model DEV.silver_airport_comments
02:44:29.195080 [debug]: Invalid value for on_schema_change (None) specified. Setting default value of ignore.
02:44:29.205252 [debug]: Query executed on node model.airstats.src_runways:
create or replace   view AIRSTATS.DEV.src_runways
  
  
  
  
  as (
    with source as (

    select *
    from AIRSTATS.RAW.runways

),

renamed as (

    select
        id as runway_id,
        airport_ident,
        length_ft as runway_length_ft,
        width_ft as runway_width_ft,
        surface as runway_surface,
        lighted as runway_lighted,
        closed as runway_closed

    from source

)

select *
from renamed
  )
/* {"app": "dbt", "dbt_version": "2.0.0", "node_id": "model.airstats.src_runways", "profile_name": "airstats", "target_name": "dev"} */
02:44:29.207127 [info ]:  Succeeded [  0.55s] model DEV.src_runways (view)
02:44:29.207936 [debug]: Finished running [  0.50s] model DEV.src_runways [success]
02:44:29.208112 [debug]: Started running model DEV.silver_runways
02:44:29.210445 [debug]: Query executed on node model.airstats.src_airports:
create or replace   view AIRSTATS.DEV.src_airports
  
  
  
  
  as (
    with source as (

    select *
    from AIRSTATS.RAW.airports

),

renamed as (

    select
        ident as airport_ident,
        type as airport_type,
        name as airport_name,
        latitude_deg as airport_lat,
        longitude_deg as airport_long,
        continent,
        iso_country

    from source

)

select * from renamed
  )
/* {"app": "dbt", "dbt_version": "2.0.0", "node_id": "model.airstats.src_airports", "profile_name": "airstats", "target_name": "dev"} */
02:44:29.210857 [debug]: Writing runtime sql for node "model.airstats.silver_runways"
02:44:29.211450 [info ]:  Succeeded [  0.55s] model DEV.src_airports (view)
02:44:29.211516 [debug]: Finished running [  0.50s] model DEV.src_airports [success]
02:44:29.211572 [debug]: Started running model DEV.silver_airports
02:44:29.213027 [debug]: Writing runtime sql for node "model.airstats.silver_airports"
02:44:29.449233 [debug]: Query executed on node model.airstats.silver_runways:
create or replace   view AIRSTATS.DEV.silver_runways
  
  
  
  
  as (
    with source as (

    select *
    from AIRSTATS.DEV.src_runways

),

cleaned as (

    select
        runway_id,
        airport_ident,
        runway_length_ft,
        runway_width_ft,
        coalesce(nullif(runway_surface, ''), '__UNKNOWN__') as runway_surface,
        runway_lighted,
        runway_closed

    from source

)

select *
from cleaned
  )
/* {"app": "dbt", "dbt_version": "2.0.0", "node_id": "model.airstats.silver_runways", "profile_name": "airstats", "target_name": "dev"} */
02:44:29.451067 [info ]:  Succeeded [  0.26s] model DEV.silver_runways (view)
02:44:29.451184 [debug]: Finished running [  0.24s] model DEV.silver_runways [success]
02:44:29.529594 [debug]: Query executed on node model.airstats.silver_airports:
create or replace   view AIRSTATS.DEV.silver_airports
  
  
  
  
  as (
    select *
from AIRSTATS.DEV.src_airports
  )
/* {"app": "dbt", "dbt_version": "2.0.0", "node_id": "model.airstats.silver_airports", "profile_name": "airstats", "target_name": "dev"} */
02:44:29.530877 [info ]:  Succeeded [  0.32s] model DEV.silver_airports (view)
02:44:29.530954 [debug]: Finished running [  0.32s] model DEV.silver_airports [success]
02:44:29.736827 [debug]: Query executed on node model.airstats.silver_airport_comments:
create or replace  temporary view AIRSTATS.DEV.silver_airport_comments__dbt_tmp
  
  
  
  
  as (
    

with source as (

    select *
    from AIRSTATS.DEV.src_airport_comments

),

cleaned as (

    select
        comment_id,
        airport_ident,
        comment_timestamp,
        coalesce(member_nickname, '__UNKNOWN__') as member_nickname,
        comment_subject,
        comment_body

    from source

    where comment_body is not null
      and comment_body != ''

)

select
    *,
    current_timestamp() as loaded_at
from cleaned


where comment_id > (select max(comment_id) from AIRSTATS.DEV.silver_airport_comments)

  )
/* {"app": "dbt", "dbt_version": "2.0.0", "node_id": "model.airstats.silver_airport_comments", "profile_name": "airstats", "target_name": "dev"} */
02:44:29.841209 [debug]: Query executed on node model.airstats.silver_airport_comments:
describe table AIRSTATS.DEV.silver_airport_comments__dbt_tmp
/* {"app": "dbt", "dbt_version": "2.0.0", "node_id": "model.airstats.silver_airport_comments", "profile_name": "airstats", "target_name": "dev"} */
02:44:29.928387 [debug]: Query executed on node model.airstats.silver_airport_comments:
describe table AIRSTATS.DEV.silver_airport_comments
/* {"app": "dbt", "dbt_version": "2.0.0", "node_id": "model.airstats.silver_airport_comments", "profile_name": "airstats", "target_name": "dev"} */
02:44:30.024257 [debug]: Query executed on node model.airstats.silver_airport_comments:
describe table "AIRSTATS"."DEV"."SILVER_AIRPORT_COMMENTS"
/* {"app": "dbt", "dbt_version": "2.0.0", "node_id": "model.airstats.silver_airport_comments", "profile_name": "airstats", "target_name": "dev"} */
02:44:30.030236 [debug]: Writing runtime sql for node "model.airstats.silver_airport_comments"
02:44:30.160576 [debug]: Query executed on node model.airstats.silver_airport_comments:
-- back compat for old kwarg name
  
  begin
/* {"app": "dbt", "dbt_version": "2.0.0", "node_id": "model.airstats.silver_airport_comments", "profile_name": "airstats", "target_name": "dev"} */
02:44:30.665256 [debug]: Query executed on node model.airstats.silver_airport_comments:

    
        
            
	    
	    
            
        
    

    

    merge into AIRSTATS.DEV.silver_airport_comments as DBT_INTERNAL_DEST
        using AIRSTATS.DEV.silver_airport_comments__dbt_tmp as DBT_INTERNAL_SOURCE
        on ((DBT_INTERNAL_SOURCE.comment_id = DBT_INTERNAL_DEST.comment_id))

    
    when matched then update set
        "COMMENT_ID" = DBT_INTERNAL_SOURCE."COMMENT_ID","AIRPORT_IDENT" = DBT_INTERNAL_SOURCE."AIRPORT_IDENT","COMMENT_TIMESTAMP" = DBT_INTERNAL_SOURCE."COMMENT_TIMESTAMP","MEMBER_NICKNAME" = DBT_INTERNAL_SOURCE."MEMBER_NICKNAME","COMMENT_SUBJECT" = DBT_INTERNAL_SOURCE."COMMENT_SUBJECT","COMMENT_BODY" = DBT_INTERNAL_SOURCE."COMMENT_BODY","LOADED_AT" = DBT_INTERNAL_SOURCE."LOADED_AT"
    

    when not matched then insert
        ("COMMENT_ID", "AIRPORT_IDENT", "COMMENT_TIMESTAMP", "MEMBER_NICKNAME", "COMMENT_SUBJECT", "COMMENT_BODY", "LOADED_AT")
    values
        ("COMMENT_ID", "AIRPORT_IDENT", "COMMENT_TIMESTAMP", "MEMBER_NICKNAME", "COMMENT_SUBJECT", "COMMENT_BODY", "LOADED_AT")


/* {"app": "dbt", "dbt_version": "2.0.0", "node_id": "model.airstats.silver_airport_comments", "profile_name": "airstats", "target_name": "dev"} */
02:44:30.792658 [debug]: Query executed on node model.airstats.silver_airport_comments:

    commit
/* {"app": "dbt", "dbt_version": "2.0.0", "node_id": "model.airstats.silver_airport_comments", "profile_name": "airstats", "target_name": "dev"} */
02:44:30.793874 [debug]: Applying DROP to: AIRSTATS.DEV.silver_airport_comments__dbt_tmp
02:44:30.926825 [debug]: Query executed on node model.airstats.silver_airport_comments:
drop view if exists AIRSTATS.DEV.silver_airport_comments__dbt_tmp cascade
/* {"app": "dbt", "dbt_version": "2.0.0", "node_id": "model.airstats.silver_airport_comments", "profile_name": "airstats", "target_name": "dev"} */
02:44:30.928489 [info ]:  Succeeded [  1.75s] model DEV.silver_airport_comments (incremental)
02:44:30.928613 [debug]: Finished running [  1.74s] model DEV.silver_airport_comments [success]
02:44:30.928671 [info ]: Finished running [  2.22s] (6 nodes, 0 skipped, 0 errors)
02:44:30.988639 [info ]: 
==================== Execution Summary =====================
Finished 'run' successfully for target 'dev' [5.4s]
Processed: 6 models
Summary: 6 total | 6 success
==================== 2026-03-24T02:44:39.023933Z | 019d1dba-ddef-73e1-9a56-f197bd8cdcb8 ====================
02:44:39.023983 [info ]: dbt-fusion 2.0.0-preview.154
02:44:39.024069 [info ]: Started loading project
02:44:39.024608 [info ]: Loading profiles.yml
02:44:39.120667 [debug]:    Started loading packages
02:44:39.121180 [debug]:     Loaded [  0.00s] packages
02:44:39.121516 [info ]: Finished loading project [  0.10s]
02:44:39.121656 [info ]: Started parsing
02:44:39.131959 [debug]: Finished parsing models/sources.yml [  0.00s]
02:44:39.132083 [debug]: Finished parsing models/tests.yml [  0.00s]
02:44:39.132994 [debug]: Finished parsing target/snapshots/scd_silver_airports.sql [  0.00s]
02:44:39.133121 [debug]: Finished parsing target/snapshots/scd_silver_runways.sql [  0.00s]
02:44:39.133536 [debug]: Finished parsing models/bronze/src_airport_comments.sql [  0.00s]
02:44:39.133646 [debug]: Finished parsing models/bronze/src_airports.sql [  0.00s]
02:44:39.133753 [debug]: Finished parsing models/bronze/src_runways.sql [  0.00s]
02:44:39.133955 [debug]: Finished parsing models/silver/silver_airport_comments.sql [  0.00s]
02:44:39.134137 [debug]: Finished parsing models/silver/silver_airports.sql [  0.00s]
02:44:39.134291 [debug]: Finished parsing models/silver/silver_runways.sql [  0.00s]
02:44:39.137242 [debug]: Finished parsing target/generic_tests/not_null_silver_airport_comments_comment_body.sql [  0.00s]
02:44:39.137378 [debug]: Finished parsing target/generic_tests/not_null_silver_airport_comments_comment_id.sql [  0.00s]
02:44:39.137506 [debug]: Finished parsing target/generic_tests/unique_silver_airport_comments_comment_id.sql [  0.00s]
02:44:39.137637 [debug]: Finished parsing target/generic_tests/not_null_silver_airport_comments_member_nickname.sql [  0.00s]
02:44:39.137848 [debug]: Finished parsing target/generic_tests/not_null_silver_airports_airport_ident.sql [  0.00s]
02:44:39.138014 [debug]: Finished parsing target/generic_tests/unique_silver_airports_airport_ident.sql [  0.00s]
02:44:39.138165 [debug]: Finished parsing target/generic_tests/not_null_silver_runways_runway_id.sql [  0.00s]
02:44:39.138287 [debug]: Finished parsing target/generic_tests/unique_silver_runways_runway_id.sql [  0.00s]
02:44:39.138411 [debug]: Finished parsing target/generic_tests/not_null_src_airport_comments_comment_id.sql [  0.00s]
02:44:39.138528 [debug]: Finished parsing target/generic_tests/unique_src_airport_comments_comment_id.sql [  0.00s]
02:44:39.138641 [debug]: Finished parsing target/generic_tests/not_null_src_airports_airport_ident.sql [  0.00s]
02:44:39.138746 [debug]: Finished parsing target/generic_tests/unique_src_airports_airport_ident.sql [  0.00s]
02:44:39.138856 [debug]: Finished parsing target/generic_tests/not_null_src_runways_airport_ident.sql [  0.00s]
02:44:39.138965 [debug]: Finished parsing target/generic_tests/not_null_src_runways_runway_id.sql [  0.00s]
02:44:39.139071 [debug]: Finished parsing target/generic_tests/unique_src_runways_runway_id.sql [  0.00s]
02:44:39.140930 [info ]: Finished parsing [  0.02s]
02:44:39.141085 [info ]: Started scheduling
02:44:39.141187 [info ]: Finished scheduling [  0.00s]
02:44:39.141379 [debug]: Initializing schema store with entry: Frontier(CanonicalFqn { catalog: "AIRSTATS", schema: "DEV", table: "SILVER_RUNWAYS" }) and interval: None
02:44:39.141393 [debug]: Initializing schema store with entry: Frontier(CanonicalFqn { catalog: "AIRSTATS", schema: "DEV", table: "SRC_AIRPORT_COMMENTS" }) and interval: None
02:44:39.141399 [debug]: Initializing schema store with entry: Frontier(CanonicalFqn { catalog: "AIRSTATS", schema: "DEV", table: "SILVER_AIRPORT_COMMENTS" }) and interval: None
02:44:39.141405 [debug]: Initializing schema store with entry: Frontier(CanonicalFqn { catalog: "AIRSTATS", schema: "DEV", table: "SRC_AIRPORTS" }) and interval: None
02:44:39.141411 [debug]: Initializing schema store with entry: Frontier(CanonicalFqn { catalog: "AIRSTATS", schema: "DEV", table: "SRC_RUNWAYS" }) and interval: None
02:44:39.141417 [debug]: Initializing schema store with entry: Frontier(CanonicalFqn { catalog: "AIRSTATS", schema: "DEV", table: "SILVER_AIRPORTS" }) and interval: None
02:44:39.184087 [info ]: Started building task graph
02:44:39.184259 [info ]: Finished building task graph [  0.00s]
02:44:39.184419 [info ]: Started rendering (15 nodes)
02:44:39.184446 [info ]: Started test DEV_dbt_test__audit.unique_src_runways_runway_id
02:44:39.184458 [debug]: Started rendering test DEV_dbt_test__audit.unique_src_runways_runway_id
02:44:39.184472 [info ]: Started test DEV_dbt_test__audit.unique_src_airports_airport_ident
02:44:39.184478 [debug]: Started rendering test DEV_dbt_test__audit.unique_src_airports_airport_ident
02:44:39.184486 [info ]: Started test DEV_dbt_test__audit.unique_src_airport_comments_comment_id
02:44:39.184491 [debug]: Started rendering test DEV_dbt_test__audit.unique_src_airport_comments_comment_id
02:44:39.184496 [info ]: Started test DEV_dbt_test__audit.unique_silver_runways_runway_id
02:44:39.184499 [debug]: Started rendering test DEV_dbt_test__audit.unique_silver_runways_runway_id
02:44:39.184510 [info ]: Started test DEV_dbt_test__audit.unique_silver_airports_airport_ident
02:44:39.184514 [debug]: Started rendering test DEV_dbt_test__audit.unique_silver_airports_airport_ident
02:44:39.184519 [info ]: Started test DEV_dbt_test__audit.unique_silver_airport_comments_comment_id
02:44:39.184521 [debug]: Started rendering test DEV_dbt_test__audit.unique_silver_airport_comments_comment_id
02:44:39.184526 [info ]: Started test DEV_dbt_test__audit.not_null_src_runways_runway_id
02:44:39.184529 [debug]: Started rendering test DEV_dbt_test__audit.not_null_src_runways_runway_id
02:44:39.184536 [info ]: Started test DEV_dbt_test__audit.not_null_src_runways_airport_ident
02:44:39.184539 [debug]: Started rendering test DEV_dbt_test__audit.not_null_src_runways_airport_ident
02:44:39.184544 [info ]: Started test DEV_dbt_test__audit.not_null_src_airports_airport_ident
02:44:39.184548 [debug]: Started rendering test DEV_dbt_test__audit.not_null_src_airports_airport_ident
02:44:39.184556 [info ]: Started test DEV_dbt_test__audit.not_null_src_airport_comments_comment_id
02:44:39.184558 [debug]: Started rendering test DEV_dbt_test__audit.not_null_src_airport_comments_comment_id
02:44:39.184563 [info ]: Started test DEV_dbt_test__audit.not_null_silver_runways_runway_id
02:44:39.184565 [debug]: Started rendering test DEV_dbt_test__audit.not_null_silver_runways_runway_id
02:44:39.184575 [info ]: Started test DEV_dbt_test__audit.not_null_silver_airports_airport_ident
02:44:39.184579 [debug]: Started rendering test DEV_dbt_test__audit.not_null_silver_airports_airport_ident
02:44:39.184584 [info ]: Started test DEV_dbt_test__audit.not_null_silver_airport_comments_member_nickname
02:44:39.184589 [debug]: Started rendering test DEV_dbt_test__audit.not_null_silver_airport_comments_member_nickname
02:44:39.184594 [info ]: Started test DEV_dbt_test__audit.not_null_silver_airport_comments_comment_id
02:44:39.184598 [debug]: Started rendering test DEV_dbt_test__audit.not_null_silver_airport_comments_comment_id
02:44:39.184605 [info ]: Started test DEV_dbt_test__audit.not_null_silver_airport_comments_comment_body
02:44:39.184609 [debug]: Started rendering test DEV_dbt_test__audit.not_null_silver_airport_comments_comment_body
02:44:39.186807 [debug]: Compiled SQL for node test.airstats.not_null_silver_airport_comments_comment_id.e7a61a7a48 at target/compiled/generic_tests/not_null_silver_airport_comments_comment_id.sql
02:44:39.186941 [debug]: Finished rendering [  0.00s] test DEV_dbt_test__audit.not_null_silver_airport_comments_comment_id [success]
02:44:39.187011 [info ]: Started analyzing (15 nodes)
02:44:39.187105 [debug]: Started analyzing test DEV_dbt_test__audit.not_null_silver_airport_comments_comment_id
02:44:39.187154 [debug]: Compiled SQL for node test.airstats.not_null_silver_runways_runway_id.946f785ae9 at target/compiled/generic_tests/not_null_silver_runways_runway_id.sql
02:44:39.187235 [debug]: Compiled SQL for node test.airstats.unique_src_airports_airport_ident.8ef120bfc3 at target/compiled/generic_tests/unique_src_airports_airport_ident.sql
02:44:39.187202 [debug]: Finished rendering [  0.00s] test DEV_dbt_test__audit.not_null_silver_runways_runway_id [success]
02:44:39.187352 [debug]: Started analyzing test DEV_dbt_test__audit.not_null_silver_runways_runway_id
02:44:39.187419 [debug]: Compiled SQL for node test.airstats.not_null_src_airport_comments_comment_id.8ca3c09d27 at target/compiled/generic_tests/not_null_src_airport_comments_comment_id.sql
02:44:39.187395 [debug]: Finished rendering [  0.00s] test DEV_dbt_test__audit.unique_src_airports_airport_ident [success]
02:44:39.187439 [debug]: Started analyzing test DEV_dbt_test__audit.unique_src_airports_airport_ident
02:44:39.187460 [debug]: Finished rendering [  0.00s] test DEV_dbt_test__audit.not_null_src_airport_comments_comment_id [success]
02:44:39.187487 [debug]: Started analyzing test DEV_dbt_test__audit.not_null_src_airport_comments_comment_id
02:44:39.187603 [debug]: Compiled SQL for node test.airstats.not_null_silver_airports_airport_ident.23a9200d75 at target/compiled/generic_tests/not_null_silver_airports_airport_ident.sql
02:44:39.187609 [debug]: Compiled SQL for node test.airstats.not_null_src_runways_runway_id.47ef077803 at target/compiled/generic_tests/not_null_src_runways_runway_id.sql
02:44:39.187618 [debug]: Compiled SQL for node test.airstats.not_null_src_runways_airport_ident.2583f32a06 at target/compiled/generic_tests/not_null_src_runways_airport_ident.sql
02:44:39.187678 [debug]: Compiled SQL for node test.airstats.unique_silver_runways_runway_id.fdfdb1e0d5 at target/compiled/generic_tests/unique_silver_runways_runway_id.sql
02:44:39.187691 [debug]: Compiled SQL for node test.airstats.not_null_src_airports_airport_ident.07349ac3ef at target/compiled/generic_tests/not_null_src_airports_airport_ident.sql
02:44:39.187695 [debug]: Compiled SQL for node test.airstats.unique_silver_airport_comments_comment_id.c911e15327 at target/compiled/generic_tests/unique_silver_airport_comments_comment_id.sql
02:44:39.187672 [debug]: Finished rendering [  0.00s] test DEV_dbt_test__audit.not_null_silver_airports_airport_ident [success]
02:44:39.187725 [debug]: Started analyzing test DEV_dbt_test__audit.not_null_silver_airports_airport_ident
02:44:39.187742 [debug]: Finished rendering [  0.00s] test DEV_dbt_test__audit.not_null_src_runways_airport_ident [success]
02:44:39.187761 [debug]: Compiled SQL for node test.airstats.unique_src_runways_runway_id.7deef2bd78 at target/compiled/generic_tests/unique_src_runways_runway_id.sql
02:44:39.187773 [debug]: Started analyzing test DEV_dbt_test__audit.not_null_src_runways_airport_ident
02:44:39.187789 [debug]: Compiled SQL for node test.airstats.not_null_silver_airport_comments_comment_body.7618290c46 at target/compiled/generic_tests/not_null_silver_airport_comments_comment_body.sql
02:44:39.187796 [debug]: Compiled SQL for node test.airstats.unique_src_airport_comments_comment_id.fcf95d71e9 at target/compiled/generic_tests/unique_src_airport_comments_comment_id.sql
02:44:39.187801 [debug]: Compiled SQL for node test.airstats.unique_silver_airports_airport_ident.e1d5a10237 at target/compiled/generic_tests/unique_silver_airports_airport_ident.sql
02:44:39.187784 [debug]: Finished rendering [  0.00s] test DEV_dbt_test__audit.not_null_src_runways_runway_id [success]
02:44:39.187829 [debug]: Started analyzing test DEV_dbt_test__audit.not_null_src_runways_runway_id
02:44:39.187841 [debug]: Finished rendering [  0.00s] test DEV_dbt_test__audit.unique_silver_runways_runway_id [success]
02:44:39.187865 [debug]: Started analyzing test DEV_dbt_test__audit.unique_silver_runways_runway_id
02:44:39.187873 [debug]: Finished rendering [  0.00s] test DEV_dbt_test__audit.not_null_src_airports_airport_ident [success]
02:44:39.187887 [debug]: Started analyzing test DEV_dbt_test__audit.not_null_src_airports_airport_ident
02:44:39.187893 [debug]: Finished rendering [  0.00s] test DEV_dbt_test__audit.unique_silver_airport_comments_comment_id [success]
02:44:39.187905 [debug]: Started analyzing test DEV_dbt_test__audit.unique_silver_airport_comments_comment_id
02:44:39.187912 [debug]: Finished rendering [  0.00s] test DEV_dbt_test__audit.unique_src_runways_runway_id [success]
02:44:39.187924 [debug]: Started analyzing test DEV_dbt_test__audit.unique_src_runways_runway_id
02:44:39.187928 [debug]: Finished rendering [  0.00s] test DEV_dbt_test__audit.not_null_silver_airport_comments_comment_body [success]
02:44:39.187940 [debug]: Started analyzing test DEV_dbt_test__audit.not_null_silver_airport_comments_comment_body
02:44:39.187944 [debug]: Finished rendering [  0.00s] test DEV_dbt_test__audit.unique_src_airport_comments_comment_id [success]
02:44:39.187948 [debug]: Started analyzing test DEV_dbt_test__audit.unique_src_airport_comments_comment_id
02:44:39.187952 [debug]: Finished rendering [  0.00s] test DEV_dbt_test__audit.unique_silver_airports_airport_ident [success]
02:44:39.187955 [debug]: Started analyzing test DEV_dbt_test__audit.unique_silver_airports_airport_ident
02:44:39.224932 [debug]: Compiled SQL for node test.airstats.not_null_silver_airport_comments_member_nickname.37aa0f2aa3 at target/compiled/generic_tests/not_null_silver_airport_comments_member_nickname.sql
02:44:39.224987 [debug]: Finished rendering [  0.04s] test DEV_dbt_test__audit.not_null_silver_airport_comments_member_nickname [success]
02:44:39.225023 [info ]: Finished rendering [  0.04s] (15 nodes, 0 skipped, 0 errors)
02:44:39.225050 [debug]: Started analyzing test DEV_dbt_test__audit.not_null_silver_airport_comments_member_nickname
02:44:39.228028 [debug]: Finished analyzing [  0.04s] test DEV_dbt_test__audit.not_null_src_airports_airport_ident [success]
02:44:39.228100 [info ]: Started running (15 nodes)
02:44:39.228135 [debug]: Started running test DEV_dbt_test__audit.not_null_src_airports_airport_ident
02:44:39.228195 [debug]: Finished analyzing [  0.04s] test DEV_dbt_test__audit.not_null_silver_airports_airport_ident [success]
02:44:39.228230 [debug]: Started running test DEV_dbt_test__audit.not_null_silver_airports_airport_ident
02:44:39.228242 [debug]: Finished analyzing [  0.04s] test DEV_dbt_test__audit.not_null_src_airport_comments_comment_id [success]
02:44:39.228267 [debug]: Started running test DEV_dbt_test__audit.not_null_src_airport_comments_comment_id
02:44:39.228280 [debug]: Finished analyzing [  0.04s] test DEV_dbt_test__audit.not_null_silver_runways_runway_id [success]
02:44:39.228305 [debug]: Started running test DEV_dbt_test__audit.not_null_silver_runways_runway_id
02:44:39.228320 [debug]: Finished analyzing [  0.04s] test DEV_dbt_test__audit.not_null_silver_airport_comments_comment_id [success]
02:44:39.228490 [debug]: Started running test DEV_dbt_test__audit.not_null_silver_airport_comments_comment_id
02:44:39.228504 [debug]: Finished analyzing [  0.04s] test DEV_dbt_test__audit.not_null_src_runways_airport_ident [success]
02:44:39.228526 [debug]: Started running test DEV_dbt_test__audit.not_null_src_runways_airport_ident
02:44:39.228533 [debug]: Finished analyzing [  0.00s] test DEV_dbt_test__audit.not_null_silver_airport_comments_member_nickname [success]
02:44:39.228547 [debug]: Started running test DEV_dbt_test__audit.not_null_silver_airport_comments_member_nickname
02:44:39.228552 [debug]: Finished analyzing [  0.04s] test DEV_dbt_test__audit.not_null_src_runways_runway_id [success]
02:44:39.228560 [debug]: Started running test DEV_dbt_test__audit.not_null_src_runways_runway_id
02:44:39.228641 [debug]: Finished analyzing [  0.04s] test DEV_dbt_test__audit.not_null_silver_airport_comments_comment_body [success]
02:44:39.228675 [debug]: Started running test DEV_dbt_test__audit.not_null_silver_airport_comments_comment_body
02:44:39.229376 [debug]: Writing runtime sql for node "test.airstats.not_null_src_airport_comments_comment_id.8ca3c09d27"
02:44:39.229622 [debug]: Writing runtime sql for node "test.airstats.not_null_silver_airports_airport_ident.23a9200d75"
02:44:39.230000 [debug]: Writing runtime sql for node "test.airstats.not_null_src_airports_airport_ident.07349ac3ef"
02:44:39.230126 [debug]: Writing runtime sql for node "test.airstats.not_null_src_runways_airport_ident.2583f32a06"
02:44:39.231054 [debug]: Writing runtime sql for node "test.airstats.not_null_silver_runways_runway_id.946f785ae9"
02:44:39.231062 [debug]: Writing runtime sql for node "test.airstats.not_null_silver_airport_comments_comment_id.e7a61a7a48"
02:44:39.231747 [debug]: Writing runtime sql for node "test.airstats.not_null_src_runways_runway_id.47ef077803"
02:44:39.231876 [debug]: Writing runtime sql for node "test.airstats.not_null_silver_airport_comments_member_nickname.37aa0f2aa3"
02:44:39.232588 [debug]: Writing runtime sql for node "test.airstats.not_null_silver_airport_comments_comment_body.7618290c46"
02:44:39.234810 [debug]: Finished analyzing [  0.05s] test DEV_dbt_test__audit.unique_src_airports_airport_ident [success]
02:44:39.234853 [debug]: Started running test DEV_dbt_test__audit.unique_src_airports_airport_ident
02:44:39.234964 [debug]: Finished analyzing [  0.05s] test DEV_dbt_test__audit.unique_silver_airports_airport_ident [success]
02:44:39.234995 [debug]: Started running test DEV_dbt_test__audit.unique_silver_airports_airport_ident
02:44:39.235285 [debug]: Finished analyzing [  0.05s] test DEV_dbt_test__audit.unique_src_airport_comments_comment_id [success]
02:44:39.235300 [debug]: Started running test DEV_dbt_test__audit.unique_src_airport_comments_comment_id
02:44:39.235449 [debug]: Finished analyzing [  0.05s] test DEV_dbt_test__audit.unique_silver_airport_comments_comment_id [success]
02:44:39.235472 [debug]: Started running test DEV_dbt_test__audit.unique_silver_airport_comments_comment_id
02:44:39.235537 [debug]: Finished analyzing [  0.05s] test DEV_dbt_test__audit.unique_silver_runways_runway_id [success]
02:44:39.235552 [debug]: Started running test DEV_dbt_test__audit.unique_silver_runways_runway_id
02:44:39.235857 [debug]: Finished analyzing [  0.05s] test DEV_dbt_test__audit.unique_src_runways_runway_id [success]
02:44:39.235873 [info ]: Finished analyzing [  0.05s] (15 nodes, 0 skipped, 0 errors)
02:44:39.235888 [debug]: Started running test DEV_dbt_test__audit.unique_src_runways_runway_id
02:44:39.235903 [debug]: Writing runtime sql for node "test.airstats.unique_src_airports_airport_ident.8ef120bfc3"
02:44:39.235928 [debug]: Writing runtime sql for node "test.airstats.unique_silver_airports_airport_ident.e1d5a10237"
02:44:39.236341 [debug]: Writing runtime sql for node "test.airstats.unique_src_airport_comments_comment_id.fcf95d71e9"
02:44:39.236790 [debug]: Writing runtime sql for node "test.airstats.unique_silver_airport_comments_comment_id.c911e15327"
02:44:39.237105 [debug]: Writing runtime sql for node "test.airstats.unique_silver_runways_runway_id.fdfdb1e0d5"
02:44:39.237150 [debug]: Writing runtime sql for node "test.airstats.unique_src_runways_runway_id.7deef2bd78"
02:44:39.563629 [debug]: Query executed on node test.airstats.not_null_silver_airport_comments_member_nickname.37aa0f2aa3:
select
      count(*) as failures,
      count(*) != 0 as should_warn,
      count(*) != 0 as should_error
    from (
      
    
  
    
    



select member_nickname
from AIRSTATS.DEV.silver_airport_comments
where member_nickname is null



  
  
      
    ) dbt_internal_test
/* {"app": "dbt", "dbt_version": "2.0.0", "node_id": "test.airstats.not_null_silver_airport_comments_member_nickname.37aa0f2aa3", "profile_name": "airstats", "target_name": "dev"} */
02:44:39.565069 [info ]:     Passed [  0.38s] test  DEV_dbt_test__audit.not_null_silver_airport_comments_member_nickname
02:44:39.565172 [debug]: Finished running [  0.34s] test DEV_dbt_test__audit.not_null_silver_airport_comments_member_nickname [pass]
02:44:39.577347 [debug]: Query executed on node test.airstats.not_null_silver_airport_comments_comment_body.7618290c46:
select
      count(*) as failures,
      count(*) != 0 as should_warn,
      count(*) != 0 as should_error
    from (
      
    
  
    
    



select comment_body
from AIRSTATS.DEV.silver_airport_comments
where comment_body is null



  
  
      
    ) dbt_internal_test
/* {"app": "dbt", "dbt_version": "2.0.0", "node_id": "test.airstats.not_null_silver_airport_comments_comment_body.7618290c46", "profile_name": "airstats", "target_name": "dev"} */
02:44:39.578626 [info ]:     Passed [  0.39s] test  DEV_dbt_test__audit.not_null_silver_airport_comments_comment_body
02:44:39.578674 [debug]: Finished running [  0.35s] test DEV_dbt_test__audit.not_null_silver_airport_comments_comment_body [pass]
02:44:39.585884 [debug]: Query executed on node test.airstats.unique_silver_airport_comments_comment_id.c911e15327:
select
      count(*) as failures,
      count(*) != 0 as should_warn,
      count(*) != 0 as should_error
    from (
      
    
  
    
    

select
    comment_id as unique_field,
    count(*) as n_records

from AIRSTATS.DEV.silver_airport_comments
where comment_id is not null
group by comment_id
having count(*) > 1



  
  
      
    ) dbt_internal_test
/* {"app": "dbt", "dbt_version": "2.0.0", "node_id": "test.airstats.unique_silver_airport_comments_comment_id.c911e15327", "profile_name": "airstats", "target_name": "dev"} */
02:44:39.586455 [info ]:     Passed [  0.40s] test  DEV_dbt_test__audit.unique_silver_airport_comments_comment_id
02:44:39.586512 [debug]: Finished running [  0.35s] test DEV_dbt_test__audit.unique_silver_airport_comments_comment_id [pass]
02:44:39.597389 [debug]: Query executed on node test.airstats.not_null_silver_airport_comments_comment_id.e7a61a7a48:
select
      count(*) as failures,
      count(*) != 0 as should_warn,
      count(*) != 0 as should_error
    from (
      
    
  
    
    



select comment_id
from AIRSTATS.DEV.silver_airport_comments
where comment_id is null



  
  
      
    ) dbt_internal_test
/* {"app": "dbt", "dbt_version": "2.0.0", "node_id": "test.airstats.not_null_silver_airport_comments_comment_id.e7a61a7a48", "profile_name": "airstats", "target_name": "dev"} */
02:44:39.597948 [info ]:     Passed [  0.41s] test  DEV_dbt_test__audit.not_null_silver_airport_comments_comment_id
02:44:39.597992 [debug]: Finished running [  0.37s] test DEV_dbt_test__audit.not_null_silver_airport_comments_comment_id [pass]
02:44:39.654897 [debug]: Query executed on node test.airstats.not_null_silver_airports_airport_ident.23a9200d75:
select
      count(*) as failures,
      count(*) != 0 as should_warn,
      count(*) != 0 as should_error
    from (
      
    
  
    
    



select airport_ident
from AIRSTATS.DEV.silver_airports
where airport_ident is null



  
  
      
    ) dbt_internal_test
/* {"app": "dbt", "dbt_version": "2.0.0", "node_id": "test.airstats.not_null_silver_airports_airport_ident.23a9200d75", "profile_name": "airstats", "target_name": "dev"} */
02:44:39.655542 [info ]:     Passed [  0.47s] test  DEV_dbt_test__audit.not_null_silver_airports_airport_ident
02:44:39.655595 [debug]: Finished running [  0.43s] test DEV_dbt_test__audit.not_null_silver_airports_airport_ident [pass]
02:44:39.661116 [debug]: Query executed on node test.airstats.not_null_src_airport_comments_comment_id.8ca3c09d27:
select
      count(*) as failures,
      count(*) != 0 as should_warn,
      count(*) != 0 as should_error
    from (
      
    
  
    
    



select comment_id
from AIRSTATS.DEV.src_airport_comments
where comment_id is null



  
  
      
    ) dbt_internal_test
/* {"app": "dbt", "dbt_version": "2.0.0", "node_id": "test.airstats.not_null_src_airport_comments_comment_id.8ca3c09d27", "profile_name": "airstats", "target_name": "dev"} */
02:44:39.661589 [info ]:     Passed [  0.47s] test  DEV_dbt_test__audit.not_null_src_airport_comments_comment_id
02:44:39.661629 [debug]: Finished running [  0.43s] test DEV_dbt_test__audit.not_null_src_airport_comments_comment_id [pass]
02:44:39.699151 [debug]: Query executed on node test.airstats.unique_src_airports_airport_ident.8ef120bfc3:
select
      count(*) as failures,
      count(*) != 0 as should_warn,
      count(*) != 0 as should_error
    from (
      
    
  
    
    

select
    airport_ident as unique_field,
    count(*) as n_records

from AIRSTATS.DEV.src_airports
where airport_ident is not null
group by airport_ident
having count(*) > 1



  
  
      
    ) dbt_internal_test
/* {"app": "dbt", "dbt_version": "2.0.0", "node_id": "test.airstats.unique_src_airports_airport_ident.8ef120bfc3", "profile_name": "airstats", "target_name": "dev"} */
02:44:39.699946 [info ]:     Passed [  0.51s] test  DEV_dbt_test__audit.unique_src_airports_airport_ident
02:44:39.699996 [debug]: Finished running [  0.47s] test DEV_dbt_test__audit.unique_src_airports_airport_ident [pass]
02:44:39.706668 [debug]: Query executed on node test.airstats.unique_silver_airports_airport_ident.e1d5a10237:
select
      count(*) as failures,
      count(*) != 0 as should_warn,
      count(*) != 0 as should_error
    from (
      
    
  
    
    

select
    airport_ident as unique_field,
    count(*) as n_records

from AIRSTATS.DEV.silver_airports
where airport_ident is not null
group by airport_ident
having count(*) > 1



  
  
      
    ) dbt_internal_test
/* {"app": "dbt", "dbt_version": "2.0.0", "node_id": "test.airstats.unique_silver_airports_airport_ident.e1d5a10237", "profile_name": "airstats", "target_name": "dev"} */
02:44:39.707218 [info ]:     Passed [  0.52s] test  DEV_dbt_test__audit.unique_silver_airports_airport_ident
02:44:39.707269 [debug]: Finished running [  0.47s] test DEV_dbt_test__audit.unique_silver_airports_airport_ident [pass]
02:44:39.764471 [debug]: Query executed on node test.airstats.not_null_src_airports_airport_ident.07349ac3ef:
select
      count(*) as failures,
      count(*) != 0 as should_warn,
      count(*) != 0 as should_error
    from (
      
    
  
    
    



select airport_ident
from AIRSTATS.DEV.src_airports
where airport_ident is null



  
  
      
    ) dbt_internal_test
/* {"app": "dbt", "dbt_version": "2.0.0", "node_id": "test.airstats.not_null_src_airports_airport_ident.07349ac3ef", "profile_name": "airstats", "target_name": "dev"} */
02:44:39.765466 [info ]:     Passed [  0.58s] test  DEV_dbt_test__audit.not_null_src_airports_airport_ident
02:44:39.765550 [debug]: Finished running [  0.54s] test DEV_dbt_test__audit.not_null_src_airports_airport_ident [pass]
02:44:39.792297 [debug]: Query executed on node test.airstats.unique_src_airport_comments_comment_id.fcf95d71e9:
select
      count(*) as failures,
      count(*) != 0 as should_warn,
      count(*) != 0 as should_error
    from (
      
    
  
    
    

select
    comment_id as unique_field,
    count(*) as n_records

from AIRSTATS.DEV.src_airport_comments
where comment_id is not null
group by comment_id
having count(*) > 1



  
  
      
    ) dbt_internal_test
/* {"app": "dbt", "dbt_version": "2.0.0", "node_id": "test.airstats.unique_src_airport_comments_comment_id.fcf95d71e9", "profile_name": "airstats", "target_name": "dev"} */
02:44:39.793217 [info ]:     Failed [  0.61s] test  DEV_dbt_test__audit.unique_src_airport_comments_comment_id (models/tests.yml:26:13)
02:44:39.793328 [debug]: Finished running [  0.56s] test DEV_dbt_test__audit.unique_src_airport_comments_comment_id [fail]
02:44:39.807292 [debug]: Query executed on node test.airstats.not_null_src_runways_runway_id.47ef077803:
select
      count(*) as failures,
      count(*) != 0 as should_warn,
      count(*) != 0 as should_error
    from (
      
    
  
    
    



select runway_id
from AIRSTATS.DEV.src_runways
where runway_id is null



  
  
      
    ) dbt_internal_test
/* {"app": "dbt", "dbt_version": "2.0.0", "node_id": "test.airstats.not_null_src_runways_runway_id.47ef077803", "profile_name": "airstats", "target_name": "dev"} */
02:44:39.808087 [info ]:     Passed [  0.62s] test  DEV_dbt_test__audit.not_null_src_runways_runway_id
02:44:39.808144 [debug]: Finished running [  0.58s] test DEV_dbt_test__audit.not_null_src_runways_runway_id [pass]
02:44:39.861242 [debug]: Query executed on node test.airstats.unique_src_runways_runway_id.7deef2bd78:
select
      count(*) as failures,
      count(*) != 0 as should_warn,
      count(*) != 0 as should_error
    from (
      
    
  
    
    

select
    runway_id as unique_field,
    count(*) as n_records

from AIRSTATS.DEV.src_runways
where runway_id is not null
group by runway_id
having count(*) > 1



  
  
      
    ) dbt_internal_test
/* {"app": "dbt", "dbt_version": "2.0.0", "node_id": "test.airstats.unique_src_runways_runway_id.7deef2bd78", "profile_name": "airstats", "target_name": "dev"} */
02:44:39.862275 [info ]:     Passed [  0.68s] test  DEV_dbt_test__audit.unique_src_runways_runway_id
02:44:39.862347 [debug]: Finished running [  0.63s] test DEV_dbt_test__audit.unique_src_runways_runway_id [pass]
02:44:39.881684 [debug]: Query executed on node test.airstats.not_null_src_runways_airport_ident.2583f32a06:
select
      count(*) as failures,
      count(*) != 0 as should_warn,
      count(*) != 0 as should_error
    from (
      
    
  
    
    



select airport_ident
from AIRSTATS.DEV.src_runways
where airport_ident is null



  
  
      
    ) dbt_internal_test
/* {"app": "dbt", "dbt_version": "2.0.0", "node_id": "test.airstats.not_null_src_runways_airport_ident.2583f32a06", "profile_name": "airstats", "target_name": "dev"} */
02:44:39.882551 [info ]:     Passed [  0.70s] test  DEV_dbt_test__audit.not_null_src_runways_airport_ident
02:44:39.882614 [debug]: Finished running [  0.65s] test DEV_dbt_test__audit.not_null_src_runways_airport_ident [pass]
02:44:39.893497 [debug]: Query executed on node test.airstats.not_null_silver_runways_runway_id.946f785ae9:
select
      count(*) as failures,
      count(*) != 0 as should_warn,
      count(*) != 0 as should_error
    from (
      
    
  
    
    



select runway_id
from AIRSTATS.DEV.silver_runways
where runway_id is null



  
  
      
    ) dbt_internal_test
/* {"app": "dbt", "dbt_version": "2.0.0", "node_id": "test.airstats.not_null_silver_runways_runway_id.946f785ae9", "profile_name": "airstats", "target_name": "dev"} */
02:44:39.894135 [info ]:     Passed [  0.71s] test  DEV_dbt_test__audit.not_null_silver_runways_runway_id
02:44:39.894179 [debug]: Finished running [  0.67s] test DEV_dbt_test__audit.not_null_silver_runways_runway_id [pass]
02:44:39.906436 [debug]: Query executed on node test.airstats.unique_silver_runways_runway_id.fdfdb1e0d5:
select
      count(*) as failures,
      count(*) != 0 as should_warn,
      count(*) != 0 as should_error
    from (
      
    
  
    
    

select
    runway_id as unique_field,
    count(*) as n_records

from AIRSTATS.DEV.silver_runways
where runway_id is not null
group by runway_id
having count(*) > 1



  
  
      
    ) dbt_internal_test
/* {"app": "dbt", "dbt_version": "2.0.0", "node_id": "test.airstats.unique_silver_runways_runway_id.fdfdb1e0d5", "profile_name": "airstats", "target_name": "dev"} */
02:44:39.907078 [info ]:     Passed [  0.72s] test  DEV_dbt_test__audit.unique_silver_runways_runway_id
02:44:39.907144 [debug]: Finished running [  0.67s] test DEV_dbt_test__audit.unique_silver_runways_runway_id [pass]
02:44:39.907168 [info ]: Finished running [  0.68s] (15 nodes, 0 skipped, 1 errors)
02:44:39.960561 [info ]: 
==================== Execution Summary =====================
Finished 'test' with 1 error for target 'dev' [936ms]
Processed: 15 tests
Summary: 15 total | 14 success | 1 error
==================== 2026-03-24T02:46:33.368168Z | 019d1dbc-9c84-7cf0-ba3e-f92732aea7e0 ====================
02:46:33.371957 [info ]: dbt-fusion 2.0.0-preview.154
02:46:33.377170 [info ]: Started loading project
02:46:33.403996 [info ]: Loading profiles.yml
02:46:33.527610 [debug]:    Started loading packages
02:46:33.535883 [debug]:     Loaded [  0.01s] packages
02:46:33.542504 [info ]: Finished loading project [  0.17s]
02:46:33.546421 [info ]: Started parsing
02:46:33.581592 [debug]: Finished parsing models/sources.yml [  0.01s]
02:46:33.581726 [debug]: Finished parsing models/tests.yml [  0.00s]
02:46:33.599727 [debug]: Finished parsing target/snapshots/scd_silver_airports.sql [  0.01s]
02:46:33.599893 [debug]: Finished parsing target/snapshots/scd_silver_runways.sql [  0.00s]
02:46:33.601976 [debug]: Finished parsing models/bronze/src_airport_comments.sql [  0.00s]
02:46:33.602098 [debug]: Finished parsing models/bronze/src_airports.sql [  0.00s]
02:46:33.602211 [debug]: Finished parsing models/bronze/src_runways.sql [  0.00s]
02:46:33.603424 [debug]: Finished parsing models/silver/silver_airport_comments.sql [  0.00s]
02:46:33.603555 [debug]: Finished parsing models/silver/silver_airports.sql [  0.00s]
02:46:33.603666 [debug]: Finished parsing models/silver/silver_runways.sql [  0.00s]
02:46:33.612086 [debug]: Finished parsing target/generic_tests/not_null_silver_airport_comments_comment_body.sql [  0.00s]
02:46:33.612239 [debug]: Finished parsing target/generic_tests/not_null_silver_airport_comments_comment_id.sql [  0.00s]
02:46:33.612368 [debug]: Finished parsing target/generic_tests/unique_silver_airport_comments_comment_id.sql [  0.00s]
02:46:33.612501 [debug]: Finished parsing target/generic_tests/not_null_silver_airport_comments_member_nickname.sql [  0.00s]
02:46:33.612629 [debug]: Finished parsing target/generic_tests/not_null_silver_airports_airport_ident.sql [  0.00s]
02:46:33.612836 [debug]: Finished parsing target/generic_tests/unique_silver_airports_airport_ident.sql [  0.00s]
02:46:33.612994 [debug]: Finished parsing target/generic_tests/not_null_silver_runways_runway_id.sql [  0.00s]
02:46:33.613124 [debug]: Finished parsing target/generic_tests/unique_silver_runways_runway_id.sql [  0.00s]
02:46:33.613259 [debug]: Finished parsing target/generic_tests/not_null_src_airport_comments_comment_id.sql [  0.00s]
02:46:33.613381 [debug]: Finished parsing target/generic_tests/unique_src_airport_comments_comment_id.sql [  0.00s]
02:46:33.613512 [debug]: Finished parsing target/generic_tests/not_null_src_airports_airport_ident.sql [  0.00s]
02:46:33.613634 [debug]: Finished parsing target/generic_tests/unique_src_airports_airport_ident.sql [  0.00s]
02:46:33.613753 [debug]: Finished parsing target/generic_tests/not_null_src_runways_airport_ident.sql [  0.00s]
02:46:33.613880 [debug]: Finished parsing target/generic_tests/not_null_src_runways_runway_id.sql [  0.00s]
02:46:33.614000 [debug]: Finished parsing target/generic_tests/unique_src_runways_runway_id.sql [  0.00s]
02:46:33.619074 [info ]: Finished parsing [  0.07s]
02:46:33.623930 [info ]: Started scheduling
02:46:33.625921 [info ]: Finished scheduling [  0.00s]
02:46:33.631944 [debug]: Initializing schema store with entry: Frontier(CanonicalFqn { catalog: "AIRSTATS", schema: "DEV", table: "SRC_AIRPORTS" }) and interval: None
02:46:33.631976 [debug]: Initializing schema store with entry: Frontier(CanonicalFqn { catalog: "AIRSTATS", schema: "DEV", table: "SRC_AIRPORT_COMMENTS" }) and interval: None
02:46:33.631984 [debug]: Initializing schema store with entry: Frontier(CanonicalFqn { catalog: "AIRSTATS", schema: "DEV", table: "SRC_RUNWAYS" }) and interval: None
02:46:33.631991 [debug]: Initializing schema store with entry: Frontier(CanonicalFqn { catalog: "AIRSTATS", schema: "DEV", table: "SILVER_AIRPORT_COMMENTS" }) and interval: None
02:46:33.631997 [debug]: Initializing schema store with entry: Frontier(CanonicalFqn { catalog: "AIRSTATS", schema: "DEV", table: "SILVER_RUNWAYS" }) and interval: None
02:46:33.632003 [debug]: Initializing schema store with entry: Frontier(CanonicalFqn { catalog: "AIRSTATS", schema: "DEV", table: "SILVER_AIRPORTS" }) and interval: None
02:46:33.705501 [info ]: Started building task graph
02:46:33.707046 [info ]: Finished building task graph [  0.00s]
02:46:33.714111 [info ]: Started rendering (15 nodes)
02:46:33.714564 [info ]: Started test DEV_dbt_test__audit.unique_src_runways_runway_id
02:46:33.714908 [debug]: Started rendering test DEV_dbt_test__audit.unique_src_runways_runway_id
02:46:33.714957 [info ]: Started test DEV_dbt_test__audit.unique_src_airports_airport_ident
02:46:33.714961 [debug]: Started rendering test DEV_dbt_test__audit.unique_src_airports_airport_ident
02:46:33.714968 [info ]: Started test DEV_dbt_test__audit.unique_src_airport_comments_comment_id
02:46:33.714971 [debug]: Started rendering test DEV_dbt_test__audit.unique_src_airport_comments_comment_id
02:46:33.714975 [info ]: Started test DEV_dbt_test__audit.unique_silver_runways_runway_id
02:46:33.714979 [debug]: Started rendering test DEV_dbt_test__audit.unique_silver_runways_runway_id
02:46:33.715117 [info ]: Started test DEV_dbt_test__audit.unique_silver_airports_airport_ident
02:46:33.715121 [debug]: Started rendering test DEV_dbt_test__audit.unique_silver_airports_airport_ident
02:46:33.715126 [info ]: Started test DEV_dbt_test__audit.unique_silver_airport_comments_comment_id
02:46:33.715129 [debug]: Started rendering test DEV_dbt_test__audit.unique_silver_airport_comments_comment_id
02:46:33.715133 [info ]: Started test DEV_dbt_test__audit.not_null_src_runways_runway_id
02:46:33.715136 [debug]: Started rendering test DEV_dbt_test__audit.not_null_src_runways_runway_id
02:46:33.715141 [info ]: Started test DEV_dbt_test__audit.not_null_src_runways_airport_ident
02:46:33.715144 [debug]: Started rendering test DEV_dbt_test__audit.not_null_src_runways_airport_ident
02:46:33.715149 [info ]: Started test DEV_dbt_test__audit.not_null_src_airports_airport_ident
02:46:33.715152 [debug]: Started rendering test DEV_dbt_test__audit.not_null_src_airports_airport_ident
02:46:33.715157 [info ]: Started test DEV_dbt_test__audit.not_null_src_airport_comments_comment_id
02:46:33.715160 [debug]: Started rendering test DEV_dbt_test__audit.not_null_src_airport_comments_comment_id
02:46:33.715164 [info ]: Started test DEV_dbt_test__audit.not_null_silver_runways_runway_id
02:46:33.715167 [debug]: Started rendering test DEV_dbt_test__audit.not_null_silver_runways_runway_id
02:46:33.715170 [info ]: Started test DEV_dbt_test__audit.not_null_silver_airports_airport_ident
02:46:33.715175 [debug]: Started rendering test DEV_dbt_test__audit.not_null_silver_airports_airport_ident
02:46:33.715179 [info ]: Started test DEV_dbt_test__audit.not_null_silver_airport_comments_member_nickname
02:46:33.715182 [debug]: Started rendering test DEV_dbt_test__audit.not_null_silver_airport_comments_member_nickname
02:46:33.715185 [info ]: Started test DEV_dbt_test__audit.not_null_silver_airport_comments_comment_id
02:46:33.715188 [debug]: Started rendering test DEV_dbt_test__audit.not_null_silver_airport_comments_comment_id
02:46:33.715193 [info ]: Started test DEV_dbt_test__audit.not_null_silver_airport_comments_comment_body
02:46:33.715196 [debug]: Started rendering test DEV_dbt_test__audit.not_null_silver_airport_comments_comment_body
02:46:33.735766 [debug]: Compiled SQL for node test.airstats.not_null_silver_airport_comments_member_nickname.37aa0f2aa3 at target/compiled/generic_tests/not_null_silver_airport_comments_member_nickname.sql
02:46:33.735761 [debug]: Compiled SQL for node test.airstats.not_null_src_airport_comments_comment_id.8ca3c09d27 at target/compiled/generic_tests/not_null_src_airport_comments_comment_id.sql
02:46:33.735766 [debug]: Compiled SQL for node test.airstats.unique_silver_airports_airport_ident.e1d5a10237 at target/compiled/generic_tests/unique_silver_airports_airport_ident.sql
02:46:33.735765 [debug]: Compiled SQL for node test.airstats.not_null_src_airports_airport_ident.07349ac3ef at target/compiled/generic_tests/not_null_src_airports_airport_ident.sql
02:46:33.735764 [debug]: Compiled SQL for node test.airstats.unique_src_runways_runway_id.7deef2bd78 at target/compiled/generic_tests/unique_src_runways_runway_id.sql
02:46:33.735818 [debug]: Compiled SQL for node test.airstats.not_null_src_runways_runway_id.47ef077803 at target/compiled/generic_tests/not_null_src_runways_runway_id.sql
02:46:33.735819 [debug]: Compiled SQL for node test.airstats.not_null_silver_airport_comments_comment_body.7618290c46 at target/compiled/generic_tests/not_null_silver_airport_comments_comment_body.sql
02:46:33.735819 [debug]: Compiled SQL for node test.airstats.not_null_silver_runways_runway_id.946f785ae9 at target/compiled/generic_tests/not_null_silver_runways_runway_id.sql
02:46:33.735824 [debug]: Compiled SQL for node test.airstats.unique_silver_airport_comments_comment_id.c911e15327 at target/compiled/generic_tests/unique_silver_airport_comments_comment_id.sql
02:46:33.735827 [debug]: Compiled SQL for node test.airstats.not_null_src_runways_airport_ident.2583f32a06 at target/compiled/generic_tests/not_null_src_runways_airport_ident.sql
02:46:33.735826 [debug]: Compiled SQL for node test.airstats.unique_silver_runways_runway_id.fdfdb1e0d5 at target/compiled/generic_tests/unique_silver_runways_runway_id.sql
02:46:33.735822 [debug]: Compiled SQL for node test.airstats.not_null_silver_airport_comments_comment_id.e7a61a7a48 at target/compiled/generic_tests/not_null_silver_airport_comments_comment_id.sql
02:46:33.735762 [debug]: Compiled SQL for node test.airstats.not_null_silver_airports_airport_ident.23a9200d75 at target/compiled/generic_tests/not_null_silver_airports_airport_ident.sql
02:46:33.735824 [debug]: Compiled SQL for node test.airstats.unique_src_airport_comments_comment_id.fcf95d71e9 at target/compiled/generic_tests/unique_src_airport_comments_comment_id.sql
02:46:33.735819 [debug]: Compiled SQL for node test.airstats.unique_src_airports_airport_ident.8ef120bfc3 at target/compiled/generic_tests/unique_src_airports_airport_ident.sql
02:46:33.736368 [debug]: Finished rendering [  0.02s] test DEV_dbt_test__audit.not_null_silver_airport_comments_member_nickname [success]
02:46:33.736409 [info ]: Started analyzing (15 nodes)
02:46:33.736427 [debug]: Started analyzing test DEV_dbt_test__audit.not_null_silver_airport_comments_member_nickname
02:46:33.736446 [debug]: Finished rendering [  0.02s] test DEV_dbt_test__audit.unique_src_runways_runway_id [success]
02:46:33.736461 [debug]: Started analyzing test DEV_dbt_test__audit.unique_src_runways_runway_id
02:46:33.736467 [debug]: Finished rendering [  0.02s] test DEV_dbt_test__audit.unique_silver_airports_airport_ident [success]
02:46:33.736478 [debug]: Started analyzing test DEV_dbt_test__audit.unique_silver_airports_airport_ident
02:46:33.736482 [debug]: Finished rendering [  0.02s] test DEV_dbt_test__audit.not_null_src_airport_comments_comment_id [success]
02:46:33.736493 [debug]: Started analyzing test DEV_dbt_test__audit.not_null_src_airport_comments_comment_id
02:46:33.736496 [debug]: Finished rendering [  0.02s] test DEV_dbt_test__audit.not_null_src_runways_runway_id [success]
02:46:33.736506 [debug]: Started analyzing test DEV_dbt_test__audit.not_null_src_runways_runway_id
02:46:33.736510 [debug]: Finished rendering [  0.02s] test DEV_dbt_test__audit.not_null_silver_airport_comments_comment_body [success]
02:46:33.736520 [debug]: Started analyzing test DEV_dbt_test__audit.not_null_silver_airport_comments_comment_body
02:46:33.736525 [debug]: Finished rendering [  0.02s] test DEV_dbt_test__audit.not_null_silver_runways_runway_id [success]
02:46:33.736536 [debug]: Started analyzing test DEV_dbt_test__audit.not_null_silver_runways_runway_id
02:46:33.736540 [debug]: Finished rendering [  0.02s] test DEV_dbt_test__audit.unique_silver_airport_comments_comment_id [success]
02:46:33.736550 [debug]: Started analyzing test DEV_dbt_test__audit.unique_silver_airport_comments_comment_id
02:46:33.736556 [debug]: Finished rendering [  0.02s] test DEV_dbt_test__audit.not_null_src_runways_airport_ident [success]
02:46:33.736566 [debug]: Started analyzing test DEV_dbt_test__audit.not_null_src_runways_airport_ident
02:46:33.736570 [debug]: Finished rendering [  0.02s] test DEV_dbt_test__audit.unique_silver_runways_runway_id [success]
02:46:33.736580 [debug]: Started analyzing test DEV_dbt_test__audit.unique_silver_runways_runway_id
02:46:33.736583 [debug]: Finished rendering [  0.02s] test DEV_dbt_test__audit.not_null_src_airports_airport_ident [success]
02:46:33.736595 [debug]: Started analyzing test DEV_dbt_test__audit.not_null_src_airports_airport_ident
02:46:33.736598 [debug]: Finished rendering [  0.02s] test DEV_dbt_test__audit.unique_src_airport_comments_comment_id [success]
02:46:33.736609 [debug]: Started analyzing test DEV_dbt_test__audit.unique_src_airport_comments_comment_id
02:46:33.736612 [debug]: Finished rendering [  0.02s] test DEV_dbt_test__audit.unique_src_airports_airport_ident [success]
02:46:33.736615 [debug]: Started analyzing test DEV_dbt_test__audit.unique_src_airports_airport_ident
02:46:33.736618 [debug]: Finished rendering [  0.02s] test DEV_dbt_test__audit.not_null_silver_airport_comments_comment_id [success]
02:46:33.736622 [debug]: Started analyzing test DEV_dbt_test__audit.not_null_silver_airport_comments_comment_id
02:46:33.736626 [debug]: Finished rendering [  0.02s] test DEV_dbt_test__audit.not_null_silver_airports_airport_ident [success]
02:46:33.736628 [info ]: Finished rendering [  0.02s] (15 nodes, 0 skipped, 0 errors)
02:46:33.736637 [debug]: Started analyzing test DEV_dbt_test__audit.not_null_silver_airports_airport_ident
02:46:33.849109 [debug]: Finished analyzing [  0.11s] test DEV_dbt_test__audit.not_null_src_runways_runway_id [success]
02:46:33.849243 [info ]: Started running (15 nodes)
02:46:33.849284 [debug]: Started running test DEV_dbt_test__audit.not_null_src_runways_runway_id
02:46:33.849314 [debug]: Finished analyzing [  0.11s] test DEV_dbt_test__audit.not_null_silver_airport_comments_comment_body [success]
02:46:33.849367 [debug]: Started running test DEV_dbt_test__audit.not_null_silver_airport_comments_comment_body
02:46:33.849389 [debug]: Finished analyzing [  0.11s] test DEV_dbt_test__audit.not_null_silver_runways_runway_id [success]
02:46:33.849434 [debug]: Started running test DEV_dbt_test__audit.not_null_silver_runways_runway_id
02:46:33.849447 [debug]: Finished analyzing [  0.11s] test DEV_dbt_test__audit.not_null_src_runways_airport_ident [success]
02:46:33.849466 [debug]: Started running test DEV_dbt_test__audit.not_null_src_runways_airport_ident
02:46:33.849472 [debug]: Finished analyzing [  0.11s] test DEV_dbt_test__audit.not_null_silver_airport_comments_member_nickname [success]
02:46:33.849485 [debug]: Started running test DEV_dbt_test__audit.not_null_silver_airport_comments_member_nickname
02:46:33.849490 [debug]: Finished analyzing [  0.11s] test DEV_dbt_test__audit.not_null_src_airport_comments_comment_id [success]
02:46:33.849534 [debug]: Started running test DEV_dbt_test__audit.not_null_src_airport_comments_comment_id
02:46:33.849552 [debug]: Finished analyzing [  0.11s] test DEV_dbt_test__audit.not_null_silver_airport_comments_comment_id [success]
02:46:33.849593 [debug]: Started running test DEV_dbt_test__audit.not_null_silver_airport_comments_comment_id
02:46:33.849778 [debug]: Finished analyzing [  0.11s] test DEV_dbt_test__audit.not_null_silver_airports_airport_ident [success]
02:46:33.849810 [debug]: Started running test DEV_dbt_test__audit.not_null_silver_airports_airport_ident
02:46:33.849818 [debug]: Finished analyzing [  0.11s] test DEV_dbt_test__audit.not_null_src_airports_airport_ident [success]
02:46:33.849833 [debug]: Started running test DEV_dbt_test__audit.not_null_src_airports_airport_ident
02:46:33.853191 [debug]: Writing runtime sql for node "test.airstats.not_null_silver_airports_airport_ident.23a9200d75"
02:46:33.853183 [debug]: Writing runtime sql for node "test.airstats.not_null_src_runways_airport_ident.2583f32a06"
02:46:33.853263 [debug]: Writing runtime sql for node "test.airstats.not_null_silver_airport_comments_comment_body.7618290c46"
02:46:33.853300 [debug]: Writing runtime sql for node "test.airstats.not_null_src_runways_runway_id.47ef077803"
02:46:33.853309 [debug]: Writing runtime sql for node "test.airstats.not_null_silver_airport_comments_member_nickname.37aa0f2aa3"
02:46:33.853325 [debug]: Writing runtime sql for node "test.airstats.not_null_src_airports_airport_ident.07349ac3ef"
02:46:33.853356 [debug]: Writing runtime sql for node "test.airstats.not_null_silver_airport_comments_comment_id.e7a61a7a48"
02:46:33.853463 [debug]: Writing runtime sql for node "test.airstats.not_null_silver_runways_runway_id.946f785ae9"
02:46:33.853802 [debug]: Writing runtime sql for node "test.airstats.not_null_src_airport_comments_comment_id.8ca3c09d27"
02:46:33.860891 [debug]: Finished analyzing [  0.12s] test DEV_dbt_test__audit.unique_silver_runways_runway_id [success]
02:46:33.860935 [debug]: Started running test DEV_dbt_test__audit.unique_silver_runways_runway_id
02:46:33.860950 [debug]: Finished analyzing [  0.12s] test DEV_dbt_test__audit.unique_src_airport_comments_comment_id [success]
02:46:33.860958 [debug]: Started running test DEV_dbt_test__audit.unique_src_airport_comments_comment_id
02:46:33.860966 [debug]: Finished analyzing [  0.12s] test DEV_dbt_test__audit.unique_silver_airport_comments_comment_id [success]
02:46:33.860973 [debug]: Started running test DEV_dbt_test__audit.unique_silver_airport_comments_comment_id
02:46:33.860987 [debug]: Finished analyzing [  0.12s] test DEV_dbt_test__audit.unique_src_airports_airport_ident [success]
02:46:33.860999 [debug]: Started running test DEV_dbt_test__audit.unique_src_airports_airport_ident
02:46:33.861272 [debug]: Finished analyzing [  0.12s] test DEV_dbt_test__audit.unique_src_runways_runway_id [success]
02:46:33.861293 [debug]: Started running test DEV_dbt_test__audit.unique_src_runways_runway_id
02:46:33.862159 [debug]: Finished analyzing [  0.13s] test DEV_dbt_test__audit.unique_silver_airports_airport_ident [success]
02:46:33.862193 [info ]: Finished analyzing [  0.13s] (15 nodes, 0 skipped, 0 errors)
02:46:33.862251 [debug]: Started running test DEV_dbt_test__audit.unique_silver_airports_airport_ident
02:46:33.862254 [debug]: Writing runtime sql for node "test.airstats.unique_silver_runways_runway_id.fdfdb1e0d5"
02:46:33.862266 [debug]: Writing runtime sql for node "test.airstats.unique_src_airport_comments_comment_id.fcf95d71e9"
02:46:33.862362 [debug]: Writing runtime sql for node "test.airstats.unique_src_runways_runway_id.7deef2bd78"
02:46:33.863205 [debug]: Writing runtime sql for node "test.airstats.unique_src_airports_airport_ident.8ef120bfc3"
02:46:33.863333 [debug]: Writing runtime sql for node "test.airstats.unique_silver_airports_airport_ident.e1d5a10237"
02:46:33.863388 [debug]: Writing runtime sql for node "test.airstats.unique_silver_airport_comments_comment_id.c911e15327"
02:46:34.275134 [debug]: Query executed on node test.airstats.not_null_silver_airport_comments_comment_id.e7a61a7a48:
select
      count(*) as failures,
      count(*) != 0 as should_warn,
      count(*) != 0 as should_error
    from (
      
    
  
    
    



select comment_id
from AIRSTATS.DEV.silver_airport_comments
where comment_id is null



  
  
      
    ) dbt_internal_test
/* {"app": "dbt", "dbt_version": "2.0.0", "node_id": "test.airstats.not_null_silver_airport_comments_comment_id.e7a61a7a48", "profile_name": "airstats", "target_name": "dev"} */
02:46:34.275136 [debug]: Query executed on node test.airstats.not_null_silver_airport_comments_comment_body.7618290c46:
select
      count(*) as failures,
      count(*) != 0 as should_warn,
      count(*) != 0 as should_error
    from (
      
    
  
    
    



select comment_body
from AIRSTATS.DEV.silver_airport_comments
where comment_body is null



  
  
      
    ) dbt_internal_test
/* {"app": "dbt", "dbt_version": "2.0.0", "node_id": "test.airstats.not_null_silver_airport_comments_comment_body.7618290c46", "profile_name": "airstats", "target_name": "dev"} */
02:46:34.281116 [debug]: Query executed on node test.airstats.unique_silver_airport_comments_comment_id.c911e15327:
select
      count(*) as failures,
      count(*) != 0 as should_warn,
      count(*) != 0 as should_error
    from (
      
    
  
    
    

select
    comment_id as unique_field,
    count(*) as n_records

from AIRSTATS.DEV.silver_airport_comments
where comment_id is not null
group by comment_id
having count(*) > 1



  
  
      
    ) dbt_internal_test
/* {"app": "dbt", "dbt_version": "2.0.0", "node_id": "test.airstats.unique_silver_airport_comments_comment_id.c911e15327", "profile_name": "airstats", "target_name": "dev"} */
02:46:34.281065 [info ]:     Passed [  0.56s] test  DEV_dbt_test__audit.not_null_silver_airport_comments_comment_body
02:46:34.281229 [debug]: Finished running [  0.43s] test DEV_dbt_test__audit.not_null_silver_airport_comments_comment_body [pass]
02:46:34.281285 [info ]:     Passed [  0.56s] test  DEV_dbt_test__audit.not_null_silver_airport_comments_comment_id
02:46:34.281329 [debug]: Finished running [  0.43s] test DEV_dbt_test__audit.not_null_silver_airport_comments_comment_id [pass]
02:46:34.282053 [info ]:     Passed [  0.57s] test  DEV_dbt_test__audit.unique_silver_airport_comments_comment_id
02:46:34.282116 [debug]: Finished running [  0.42s] test DEV_dbt_test__audit.unique_silver_airport_comments_comment_id [pass]
02:46:34.297330 [debug]: Query executed on node test.airstats.not_null_src_runways_airport_ident.2583f32a06:
select
      count(*) as failures,
      count(*) != 0 as should_warn,
      count(*) != 0 as should_error
    from (
      
    
  
    
    



select airport_ident
from AIRSTATS.DEV.src_runways
where airport_ident is null



  
  
      
    ) dbt_internal_test
/* {"app": "dbt", "dbt_version": "2.0.0", "node_id": "test.airstats.not_null_src_runways_airport_ident.2583f32a06", "profile_name": "airstats", "target_name": "dev"} */
02:46:34.298226 [info ]:     Passed [  0.58s] test  DEV_dbt_test__audit.not_null_src_runways_airport_ident
02:46:34.298285 [debug]: Finished running [  0.45s] test DEV_dbt_test__audit.not_null_src_runways_airport_ident [pass]
02:46:34.319929 [debug]: Query executed on node test.airstats.not_null_src_runways_runway_id.47ef077803:
select
      count(*) as failures,
      count(*) != 0 as should_warn,
      count(*) != 0 as should_error
    from (
      
    
  
    
    



select runway_id
from AIRSTATS.DEV.src_runways
where runway_id is null



  
  
      
    ) dbt_internal_test
/* {"app": "dbt", "dbt_version": "2.0.0", "node_id": "test.airstats.not_null_src_runways_runway_id.47ef077803", "profile_name": "airstats", "target_name": "dev"} */
02:46:34.320413 [info ]:     Passed [  0.60s] test  DEV_dbt_test__audit.not_null_src_runways_runway_id
02:46:34.320450 [debug]: Finished running [  0.47s] test DEV_dbt_test__audit.not_null_src_runways_runway_id [pass]
02:46:34.357893 [debug]: Query executed on node test.airstats.not_null_src_airports_airport_ident.07349ac3ef:
select
      count(*) as failures,
      count(*) != 0 as should_warn,
      count(*) != 0 as should_error
    from (
      
    
  
    
    



select airport_ident
from AIRSTATS.DEV.src_airports
where airport_ident is null



  
  
      
    ) dbt_internal_test
/* {"app": "dbt", "dbt_version": "2.0.0", "node_id": "test.airstats.not_null_src_airports_airport_ident.07349ac3ef", "profile_name": "airstats", "target_name": "dev"} */
02:46:34.358389 [debug]: Query executed on node test.airstats.not_null_silver_airport_comments_member_nickname.37aa0f2aa3:
select
      count(*) as failures,
      count(*) != 0 as should_warn,
      count(*) != 0 as should_error
    from (
      
    
  
    
    



select member_nickname
from AIRSTATS.DEV.silver_airport_comments
where member_nickname is null



  
  
      
    ) dbt_internal_test
/* {"app": "dbt", "dbt_version": "2.0.0", "node_id": "test.airstats.not_null_silver_airport_comments_member_nickname.37aa0f2aa3", "profile_name": "airstats", "target_name": "dev"} */
02:46:34.358357 [info ]:     Passed [  0.64s] test  DEV_dbt_test__audit.not_null_src_airports_airport_ident
02:46:34.358407 [debug]: Finished running [  0.51s] test DEV_dbt_test__audit.not_null_src_airports_airport_ident [pass]
02:46:34.358734 [info ]:     Passed [  0.64s] test  DEV_dbt_test__audit.not_null_silver_airport_comments_member_nickname
02:46:34.358758 [debug]: Finished running [  0.51s] test DEV_dbt_test__audit.not_null_silver_airport_comments_member_nickname [pass]
02:46:34.372680 [debug]: Query executed on node test.airstats.unique_src_airport_comments_comment_id.fcf95d71e9:
select
      count(*) as failures,
      count(*) != 0 as should_warn,
      count(*) != 0 as should_error
    from (
      
    
  
    
    

select
    comment_id as unique_field,
    count(*) as n_records

from AIRSTATS.DEV.src_airport_comments
where comment_id is not null
group by comment_id
having count(*) > 1



  
  
      
    ) dbt_internal_test
/* {"app": "dbt", "dbt_version": "2.0.0", "node_id": "test.airstats.unique_src_airport_comments_comment_id.fcf95d71e9", "profile_name": "airstats", "target_name": "dev"} */
02:46:34.373050 [info ]:     Failed [  0.66s] test  DEV_dbt_test__audit.unique_src_airport_comments_comment_id (models/tests.yml:26:13)
02:46:34.373085 [debug]: Finished running [  0.51s] test DEV_dbt_test__audit.unique_src_airport_comments_comment_id [fail]
02:46:34.377028 [debug]: Query executed on node test.airstats.unique_src_airports_airport_ident.8ef120bfc3:
select
      count(*) as failures,
      count(*) != 0 as should_warn,
      count(*) != 0 as should_error
    from (
      
    
  
    
    

select
    airport_ident as unique_field,
    count(*) as n_records

from AIRSTATS.DEV.src_airports
where airport_ident is not null
group by airport_ident
having count(*) > 1



  
  
      
    ) dbt_internal_test
/* {"app": "dbt", "dbt_version": "2.0.0", "node_id": "test.airstats.unique_src_airports_airport_ident.8ef120bfc3", "profile_name": "airstats", "target_name": "dev"} */
02:46:34.377411 [info ]:     Passed [  0.66s] test  DEV_dbt_test__audit.unique_src_airports_airport_ident
02:46:34.377443 [debug]: Finished running [  0.52s] test DEV_dbt_test__audit.unique_src_airports_airport_ident [pass]
02:46:34.378995 [debug]: Query executed on node test.airstats.unique_silver_runways_runway_id.fdfdb1e0d5:
select
      count(*) as failures,
      count(*) != 0 as should_warn,
      count(*) != 0 as should_error
    from (
      
    
  
    
    

select
    runway_id as unique_field,
    count(*) as n_records

from AIRSTATS.DEV.silver_runways
where runway_id is not null
group by runway_id
having count(*) > 1



  
  
      
    ) dbt_internal_test
/* {"app": "dbt", "dbt_version": "2.0.0", "node_id": "test.airstats.unique_silver_runways_runway_id.fdfdb1e0d5", "profile_name": "airstats", "target_name": "dev"} */
02:46:34.379338 [info ]:     Passed [  0.66s] test  DEV_dbt_test__audit.unique_silver_runways_runway_id
02:46:34.379368 [debug]: Finished running [  0.52s] test DEV_dbt_test__audit.unique_silver_runways_runway_id [pass]
02:46:34.380306 [debug]: Query executed on node test.airstats.unique_silver_airports_airport_ident.e1d5a10237:
select
      count(*) as failures,
      count(*) != 0 as should_warn,
      count(*) != 0 as should_error
    from (
      
    
  
    
    

select
    airport_ident as unique_field,
    count(*) as n_records

from AIRSTATS.DEV.silver_airports
where airport_ident is not null
group by airport_ident
having count(*) > 1



  
  
      
    ) dbt_internal_test
/* {"app": "dbt", "dbt_version": "2.0.0", "node_id": "test.airstats.unique_silver_airports_airport_ident.e1d5a10237", "profile_name": "airstats", "target_name": "dev"} */
02:46:34.380564 [info ]:     Passed [  0.66s] test  DEV_dbt_test__audit.unique_silver_airports_airport_ident
02:46:34.380587 [debug]: Finished running [  0.52s] test DEV_dbt_test__audit.unique_silver_airports_airport_ident [pass]
02:46:34.395087 [debug]: Query executed on node test.airstats.not_null_src_airport_comments_comment_id.8ca3c09d27:
select
      count(*) as failures,
      count(*) != 0 as should_warn,
      count(*) != 0 as should_error
    from (
      
    
  
    
    



select comment_id
from AIRSTATS.DEV.src_airport_comments
where comment_id is null



  
  
      
    ) dbt_internal_test
/* {"app": "dbt", "dbt_version": "2.0.0", "node_id": "test.airstats.not_null_src_airport_comments_comment_id.8ca3c09d27", "profile_name": "airstats", "target_name": "dev"} */
02:46:34.395518 [info ]:     Passed [  0.68s] test  DEV_dbt_test__audit.not_null_src_airport_comments_comment_id
02:46:34.395547 [debug]: Finished running [  0.55s] test DEV_dbt_test__audit.not_null_src_airport_comments_comment_id [pass]
02:46:34.423627 [debug]: Query executed on node test.airstats.not_null_silver_airports_airport_ident.23a9200d75:
select
      count(*) as failures,
      count(*) != 0 as should_warn,
      count(*) != 0 as should_error
    from (
      
    
  
    
    



select airport_ident
from AIRSTATS.DEV.silver_airports
where airport_ident is null



  
  
      
    ) dbt_internal_test
/* {"app": "dbt", "dbt_version": "2.0.0", "node_id": "test.airstats.not_null_silver_airports_airport_ident.23a9200d75", "profile_name": "airstats", "target_name": "dev"} */
02:46:34.424071 [info ]:     Passed [  0.71s] test  DEV_dbt_test__audit.not_null_silver_airports_airport_ident
02:46:34.424102 [debug]: Finished running [  0.57s] test DEV_dbt_test__audit.not_null_silver_airports_airport_ident [pass]
02:46:34.427258 [debug]: Query executed on node test.airstats.unique_src_runways_runway_id.7deef2bd78:
select
      count(*) as failures,
      count(*) != 0 as should_warn,
      count(*) != 0 as should_error
    from (
      
    
  
    
    

select
    runway_id as unique_field,
    count(*) as n_records

from AIRSTATS.DEV.src_runways
where runway_id is not null
group by runway_id
having count(*) > 1



  
  
      
    ) dbt_internal_test
/* {"app": "dbt", "dbt_version": "2.0.0", "node_id": "test.airstats.unique_src_runways_runway_id.7deef2bd78", "profile_name": "airstats", "target_name": "dev"} */
02:46:34.427558 [info ]:     Passed [  0.71s] test  DEV_dbt_test__audit.unique_src_runways_runway_id
02:46:34.427583 [debug]: Finished running [  0.57s] test DEV_dbt_test__audit.unique_src_runways_runway_id [pass]
02:46:34.448629 [debug]: Query executed on node test.airstats.not_null_silver_runways_runway_id.946f785ae9:
select
      count(*) as failures,
      count(*) != 0 as should_warn,
      count(*) != 0 as should_error
    from (
      
    
  
    
    



select runway_id
from AIRSTATS.DEV.silver_runways
where runway_id is null



  
  
      
    ) dbt_internal_test
/* {"app": "dbt", "dbt_version": "2.0.0", "node_id": "test.airstats.not_null_silver_runways_runway_id.946f785ae9", "profile_name": "airstats", "target_name": "dev"} */
02:46:34.449074 [info ]:     Passed [  0.73s] test  DEV_dbt_test__audit.not_null_silver_runways_runway_id
02:46:34.449117 [debug]: Finished running [  0.60s] test DEV_dbt_test__audit.not_null_silver_runways_runway_id [pass]
02:46:34.449134 [info ]: Finished running [  0.60s] (15 nodes, 0 skipped, 1 errors)
02:46:34.510968 [info ]: 
==================== Execution Summary =====================
Finished 'test' with 1 error for target 'dev' [1.1s]
Processed: 15 tests
Summary: 15 total | 14 success | 1 error
==================== 2026-03-24T02:48:28.883674Z | 019d1dbe-5fd3-7c03-adeb-03a07e1878f6 ====================
02:48:28.883716 [info ]: dbt-fusion 2.0.0-preview.154
02:48:28.883787 [info ]: Started loading project
02:48:28.884164 [info ]: Loading profiles.yml
02:48:28.974685 [debug]:    Started loading packages
02:48:28.975488 [debug]:     Loaded [  0.00s] packages
02:48:28.975873 [info ]: Finished loading project [  0.09s]
02:48:28.976231 [info ]: Started parsing
02:48:28.986983 [debug]: Finished parsing models/sources.yml [  0.00s]
02:48:28.987121 [debug]: Finished parsing models/tests.yml [  0.00s]
02:48:28.987874 [debug]: Finished parsing target/snapshots/scd_silver_airports.sql [  0.00s]
02:48:28.988035 [debug]: Finished parsing target/snapshots/scd_silver_runways.sql [  0.00s]
02:48:28.988445 [debug]: Finished parsing models/bronze/src_airport_comments.sql [  0.00s]
02:48:28.988558 [debug]: Finished parsing models/bronze/src_airports.sql [  0.00s]
02:48:28.988666 [debug]: Finished parsing models/bronze/src_runways.sql [  0.00s]
02:48:28.988861 [debug]: Finished parsing models/silver/silver_airport_comments.sql [  0.00s]
02:48:28.988966 [debug]: Finished parsing models/silver/silver_airports.sql [  0.00s]
02:48:28.989063 [debug]: Finished parsing models/silver/silver_runways.sql [  0.00s]
02:48:28.991983 [debug]: Finished parsing target/generic_tests/not_null_silver_airport_comments_comment_body.sql [  0.00s]
02:48:28.992294 [debug]: Finished parsing target/generic_tests/not_null_silver_airport_comments_comment_id.sql [  0.00s]
02:48:28.992500 [debug]: Finished parsing target/generic_tests/unique_silver_airport_comments_comment_id.sql [  0.00s]
02:48:28.992673 [debug]: Finished parsing target/generic_tests/not_null_silver_airport_comments_member_nickname.sql [  0.00s]
02:48:28.992840 [debug]: Finished parsing target/generic_tests/not_null_silver_airports_airport_ident.sql [  0.00s]
02:48:28.992984 [debug]: Finished parsing target/generic_tests/unique_silver_airports_airport_ident.sql [  0.00s]
02:48:28.993112 [debug]: Finished parsing target/generic_tests/not_null_silver_runways_runway_id.sql [  0.00s]
02:48:28.993230 [debug]: Finished parsing target/generic_tests/unique_silver_runways_runway_id.sql [  0.00s]
02:48:28.993356 [debug]: Finished parsing target/generic_tests/not_null_src_airport_comments_comment_id.sql [  0.00s]
02:48:28.993474 [debug]: Finished parsing target/generic_tests/unique_src_airport_comments_comment_id.sql [  0.00s]
02:48:28.993696 [debug]: Finished parsing target/generic_tests/not_null_src_airports_airport_ident.sql [  0.00s]
02:48:28.994086 [debug]: Finished parsing target/generic_tests/unique_src_airports_airport_ident.sql [  0.00s]
02:48:28.994236 [debug]: Finished parsing target/generic_tests/not_null_src_runways_airport_ident.sql [  0.00s]
02:48:28.994392 [debug]: Finished parsing target/generic_tests/not_null_src_runways_runway_id.sql [  0.00s]
02:48:28.994563 [debug]: Finished parsing target/generic_tests/unique_src_runways_runway_id.sql [  0.00s]
02:48:28.996497 [info ]: Finished parsing [  0.02s]
02:48:28.996699 [info ]: Started scheduling
02:48:28.997415 [info ]: Finished scheduling [  0.00s]
02:48:28.997529 [debug]: Initializing schema store with entry: Frontier(CanonicalFqn { catalog: "AIRSTATS", schema: "RAW", table: "AIRPORT_COMMENTS" }) and interval: None
02:48:29.041825 [info ]: Started building task graph
02:48:29.041894 [info ]: Finished building task graph [  0.00s]
02:48:29.596604 [debug]: Query executed on node unknown:
show terse schemas in database AIRSTATS
    limit 10000
/* {"app": "dbt", "connection_name": "", "dbt_version": "2.0.0", "profile_name": "airstats", "target_name": "dev"} */
02:48:29.598616 [info ]: Started rendering (1 nodes)
02:48:29.598732 [info ]: Started model DEV.src_airport_comments
02:48:29.598766 [debug]: Started rendering model DEV.src_airport_comments
02:48:29.600776 [debug]: Compiled SQL for node model.airstats.src_airport_comments at target/compiled/models/bronze/src_airport_comments.sql
02:48:29.601020 [debug]: Finished rendering [  0.00s] model DEV.src_airport_comments [success]
02:48:29.601092 [info ]: Finished rendering [  0.00s] (1 nodes, 0 skipped, 0 errors)
02:48:29.601142 [info ]: Started analyzing (1 nodes)
02:48:29.601186 [debug]: Started analyzing model DEV.src_airport_comments
02:48:29.658180 [debug]: Finished analyzing [  0.06s] model DEV.src_airport_comments [success]
02:48:29.658214 [info ]: Finished analyzing [  0.06s] (1 nodes, 0 skipped, 0 errors)
02:48:29.658236 [info ]: Started running (1 nodes)
02:48:29.658259 [debug]: Started running model DEV.src_airport_comments
02:48:30.081823 [debug]: Query executed on node model.airstats.src_airport_comments:
SHOW OBJECTS IN SCHEMA "AIRSTATS"."DEV" LIMIT 10000
02:48:30.085952 [debug]: Writing runtime sql for node "model.airstats.src_airport_comments"
02:48:30.361547 [debug]: Query executed on node model.airstats.src_airport_comments:
create or replace   view AIRSTATS.DEV.src_airport_comments
  
  
  
  
  as (
    with source as (

    select *
    from AIRSTATS.RAW.airport_comments

),

renamed as (

    select *
    from (
        select
            id as comment_id,
            airport_ident,
            date as comment_timestamp,
            member_nickname,
            subject as comment_subject,
            body as comment_body,
            row_number() over (partition by id order by date desc) as rn
        from source
    )
    where rn = 1

)
select *
from renamed
  )
/* {"app": "dbt", "dbt_version": "2.0.0", "node_id": "model.airstats.src_airport_comments", "profile_name": "airstats", "target_name": "dev"} */
02:48:30.363916 [info ]:  Succeeded [  0.76s] model DEV.src_airport_comments (view)
02:48:30.364024 [debug]: Finished running [  0.71s] model DEV.src_airport_comments [success]
02:48:30.364069 [info ]: Finished running [  0.71s] (1 nodes, 0 skipped, 0 errors)
02:48:30.432289 [info ]: 
==================== Execution Summary =====================
Finished 'run' successfully for target 'dev' [1.5s]
Processed: 1 model
Summary: 1 total | 1 success
==================== 2026-03-24T02:48:36.625896Z | 019d1dbe-7e0e-7272-bf05-9bb166eafb00 ====================
02:48:36.626004 [info ]: dbt-fusion 2.0.0-preview.154
02:48:36.626098 [info ]: Started loading project
02:48:36.626710 [info ]: Loading profiles.yml
02:48:36.735607 [debug]:    Started loading packages
02:48:36.736121 [debug]:     Loaded [  0.00s] packages
02:48:36.736438 [info ]: Finished loading project [  0.11s]
02:48:36.736594 [info ]: Started parsing
02:48:36.746949 [debug]: Finished parsing models/sources.yml [  0.00s]
02:48:36.747080 [debug]: Finished parsing models/tests.yml [  0.00s]
02:48:36.747973 [debug]: Finished parsing target/snapshots/scd_silver_airports.sql [  0.00s]
02:48:36.748106 [debug]: Finished parsing target/snapshots/scd_silver_runways.sql [  0.00s]
02:48:36.748536 [debug]: Finished parsing models/bronze/src_airport_comments.sql [  0.00s]
02:48:36.748696 [debug]: Finished parsing models/bronze/src_airports.sql [  0.00s]
02:48:36.748834 [debug]: Finished parsing models/bronze/src_runways.sql [  0.00s]
02:48:36.749073 [debug]: Finished parsing models/silver/silver_airport_comments.sql [  0.00s]
02:48:36.749195 [debug]: Finished parsing models/silver/silver_airports.sql [  0.00s]
02:48:36.749307 [debug]: Finished parsing models/silver/silver_runways.sql [  0.00s]
02:48:36.751976 [debug]: Finished parsing target/generic_tests/not_null_silver_airport_comments_comment_body.sql [  0.00s]
02:48:36.752191 [debug]: Finished parsing target/generic_tests/not_null_silver_airport_comments_comment_id.sql [  0.00s]
02:48:36.752347 [debug]: Finished parsing target/generic_tests/unique_silver_airport_comments_comment_id.sql [  0.00s]
02:48:36.752488 [debug]: Finished parsing target/generic_tests/not_null_silver_airport_comments_member_nickname.sql [  0.00s]
02:48:36.752623 [debug]: Finished parsing target/generic_tests/not_null_silver_airports_airport_ident.sql [  0.00s]
02:48:36.752752 [debug]: Finished parsing target/generic_tests/unique_silver_airports_airport_ident.sql [  0.00s]
02:48:36.752880 [debug]: Finished parsing target/generic_tests/not_null_silver_runways_runway_id.sql [  0.00s]
02:48:36.753002 [debug]: Finished parsing target/generic_tests/unique_silver_runways_runway_id.sql [  0.00s]
02:48:36.753126 [debug]: Finished parsing target/generic_tests/not_null_src_airport_comments_comment_id.sql [  0.00s]
02:48:36.753242 [debug]: Finished parsing target/generic_tests/unique_src_airport_comments_comment_id.sql [  0.00s]
02:48:36.753357 [debug]: Finished parsing target/generic_tests/not_null_src_airports_airport_ident.sql [  0.00s]
02:48:36.753470 [debug]: Finished parsing target/generic_tests/unique_src_airports_airport_ident.sql [  0.00s]
02:48:36.753584 [debug]: Finished parsing target/generic_tests/not_null_src_runways_airport_ident.sql [  0.00s]
02:48:36.753696 [debug]: Finished parsing target/generic_tests/not_null_src_runways_runway_id.sql [  0.00s]
02:48:36.753803 [debug]: Finished parsing target/generic_tests/unique_src_runways_runway_id.sql [  0.00s]
02:48:36.755671 [info ]: Finished parsing [  0.02s]
02:48:36.755836 [info ]: Started scheduling
02:48:36.755936 [info ]: Finished scheduling [  0.00s]
02:48:36.756085 [debug]: Initializing schema store with entry: Frontier(CanonicalFqn { catalog: "AIRSTATS", schema: "DEV", table: "SILVER_AIRPORT_COMMENTS" }) and interval: None
02:48:36.756100 [debug]: Initializing schema store with entry: Frontier(CanonicalFqn { catalog: "AIRSTATS", schema: "DEV", table: "SRC_AIRPORTS" }) and interval: None
02:48:36.756107 [debug]: Initializing schema store with entry: Frontier(CanonicalFqn { catalog: "AIRSTATS", schema: "DEV", table: "SILVER_RUNWAYS" }) and interval: None
02:48:36.756114 [debug]: Initializing schema store with entry: Frontier(CanonicalFqn { catalog: "AIRSTATS", schema: "DEV", table: "SRC_AIRPORT_COMMENTS" }) and interval: None
02:48:36.756120 [debug]: Initializing schema store with entry: Frontier(CanonicalFqn { catalog: "AIRSTATS", schema: "DEV", table: "SRC_RUNWAYS" }) and interval: None
02:48:36.756125 [debug]: Initializing schema store with entry: Frontier(CanonicalFqn { catalog: "AIRSTATS", schema: "DEV", table: "SILVER_AIRPORTS" }) and interval: None
02:48:36.800117 [info ]: Started building task graph
02:48:36.800272 [info ]: Finished building task graph [  0.00s]
02:48:36.800430 [info ]: Started rendering (15 nodes)
02:48:36.800458 [info ]: Started test DEV_dbt_test__audit.unique_src_runways_runway_id
02:48:36.800470 [debug]: Started rendering test DEV_dbt_test__audit.unique_src_runways_runway_id
02:48:36.800486 [info ]: Started test DEV_dbt_test__audit.unique_src_airports_airport_ident
02:48:36.800491 [debug]: Started rendering test DEV_dbt_test__audit.unique_src_airports_airport_ident
02:48:36.800498 [info ]: Started test DEV_dbt_test__audit.unique_src_airport_comments_comment_id
02:48:36.800501 [debug]: Started rendering test DEV_dbt_test__audit.unique_src_airport_comments_comment_id
02:48:36.800506 [info ]: Started test DEV_dbt_test__audit.unique_silver_runways_runway_id
02:48:36.800509 [debug]: Started rendering test DEV_dbt_test__audit.unique_silver_runways_runway_id
02:48:36.800519 [info ]: Started test DEV_dbt_test__audit.unique_silver_airports_airport_ident
02:48:36.800522 [debug]: Started rendering test DEV_dbt_test__audit.unique_silver_airports_airport_ident
02:48:36.800528 [info ]: Started test DEV_dbt_test__audit.unique_silver_airport_comments_comment_id
02:48:36.800531 [debug]: Started rendering test DEV_dbt_test__audit.unique_silver_airport_comments_comment_id
02:48:36.800535 [info ]: Started test DEV_dbt_test__audit.not_null_src_runways_runway_id
02:48:36.800538 [debug]: Started rendering test DEV_dbt_test__audit.not_null_src_runways_runway_id
02:48:36.800543 [info ]: Started test DEV_dbt_test__audit.not_null_src_runways_airport_ident
02:48:36.800546 [debug]: Started rendering test DEV_dbt_test__audit.not_null_src_runways_airport_ident
02:48:36.800551 [info ]: Started test DEV_dbt_test__audit.not_null_src_airports_airport_ident
02:48:36.800554 [debug]: Started rendering test DEV_dbt_test__audit.not_null_src_airports_airport_ident
02:48:36.800560 [info ]: Started test DEV_dbt_test__audit.not_null_src_airport_comments_comment_id
02:48:36.800563 [debug]: Started rendering test DEV_dbt_test__audit.not_null_src_airport_comments_comment_id
02:48:36.800568 [info ]: Started test DEV_dbt_test__audit.not_null_silver_runways_runway_id
02:48:36.800571 [debug]: Started rendering test DEV_dbt_test__audit.not_null_silver_runways_runway_id
02:48:36.800576 [info ]: Started test DEV_dbt_test__audit.not_null_silver_airports_airport_ident
02:48:36.800579 [debug]: Started rendering test DEV_dbt_test__audit.not_null_silver_airports_airport_ident
02:48:36.800584 [info ]: Started test DEV_dbt_test__audit.not_null_silver_airport_comments_member_nickname
02:48:36.800588 [debug]: Started rendering test DEV_dbt_test__audit.not_null_silver_airport_comments_member_nickname
02:48:36.800592 [info ]: Started test DEV_dbt_test__audit.not_null_silver_airport_comments_comment_id
02:48:36.800595 [debug]: Started rendering test DEV_dbt_test__audit.not_null_silver_airport_comments_comment_id
02:48:36.800600 [info ]: Started test DEV_dbt_test__audit.not_null_silver_airport_comments_comment_body
02:48:36.800603 [debug]: Started rendering test DEV_dbt_test__audit.not_null_silver_airport_comments_comment_body
02:48:36.803304 [debug]: Compiled SQL for node test.airstats.unique_silver_airport_comments_comment_id.c911e15327 at target/compiled/generic_tests/unique_silver_airport_comments_comment_id.sql
02:48:36.803429 [debug]: Compiled SQL for node test.airstats.not_null_silver_airport_comments_comment_id.e7a61a7a48 at target/compiled/generic_tests/not_null_silver_airport_comments_comment_id.sql
02:48:36.803592 [debug]: Compiled SQL for node test.airstats.not_null_src_airports_airport_ident.07349ac3ef at target/compiled/generic_tests/not_null_src_airports_airport_ident.sql
02:48:36.803464 [debug]: Finished rendering [  0.00s] test DEV_dbt_test__audit.unique_silver_airport_comments_comment_id [success]
02:48:36.803693 [debug]: Compiled SQL for node test.airstats.not_null_src_airport_comments_comment_id.8ca3c09d27 at target/compiled/generic_tests/not_null_src_airport_comments_comment_id.sql
02:48:36.803831 [debug]: Compiled SQL for node test.airstats.not_null_src_runways_airport_ident.2583f32a06 at target/compiled/generic_tests/not_null_src_runways_airport_ident.sql
02:48:36.803780 [info ]: Started analyzing (15 nodes)
02:48:36.803862 [debug]: Started analyzing test DEV_dbt_test__audit.unique_silver_airport_comments_comment_id
02:48:36.803916 [debug]: Compiled SQL for node test.airstats.not_null_silver_airport_comments_member_nickname.37aa0f2aa3 at target/compiled/generic_tests/not_null_silver_airport_comments_member_nickname.sql
02:48:36.803855 [debug]: Compiled SQL for node test.airstats.not_null_silver_airports_airport_ident.23a9200d75 at target/compiled/generic_tests/not_null_silver_airports_airport_ident.sql
02:48:36.803973 [debug]: Compiled SQL for node test.airstats.not_null_src_runways_runway_id.47ef077803 at target/compiled/generic_tests/not_null_src_runways_runway_id.sql
02:48:36.803957 [debug]: Finished rendering [  0.00s] test DEV_dbt_test__audit.not_null_silver_airport_comments_comment_id [success]
02:48:36.803997 [debug]: Started analyzing test DEV_dbt_test__audit.not_null_silver_airport_comments_comment_id
02:48:36.804026 [debug]: Finished rendering [  0.00s] test DEV_dbt_test__audit.not_null_src_airports_airport_ident [success]
02:48:36.804080 [debug]: Compiled SQL for node test.airstats.not_null_silver_airport_comments_comment_body.7618290c46 at target/compiled/generic_tests/not_null_silver_airport_comments_comment_body.sql
02:48:36.804087 [debug]: Started analyzing test DEV_dbt_test__audit.not_null_src_airports_airport_ident
02:48:36.804096 [debug]: Finished rendering [  0.00s] test DEV_dbt_test__audit.not_null_src_airport_comments_comment_id [success]
02:48:36.804111 [debug]: Started analyzing test DEV_dbt_test__audit.not_null_src_airport_comments_comment_id
02:48:36.804148 [debug]: Compiled SQL for node test.airstats.unique_src_airport_comments_comment_id.fcf95d71e9 at target/compiled/generic_tests/unique_src_airport_comments_comment_id.sql
02:48:36.804156 [debug]: Compiled SQL for node test.airstats.unique_silver_airports_airport_ident.e1d5a10237 at target/compiled/generic_tests/unique_silver_airports_airport_ident.sql
02:48:36.804158 [debug]: Compiled SQL for node test.airstats.unique_src_runways_runway_id.7deef2bd78 at target/compiled/generic_tests/unique_src_runways_runway_id.sql
02:48:36.804162 [debug]: Compiled SQL for node test.airstats.unique_silver_runways_runway_id.fdfdb1e0d5 at target/compiled/generic_tests/unique_silver_runways_runway_id.sql
02:48:36.804166 [debug]: Compiled SQL for node test.airstats.unique_src_airports_airport_ident.8ef120bfc3 at target/compiled/generic_tests/unique_src_airports_airport_ident.sql
02:48:36.804135 [debug]: Finished rendering [  0.00s] test DEV_dbt_test__audit.not_null_src_runways_airport_ident [success]
02:48:36.804218 [debug]: Started analyzing test DEV_dbt_test__audit.not_null_src_runways_airport_ident
02:48:36.804231 [debug]: Finished rendering [  0.00s] test DEV_dbt_test__audit.not_null_silver_airport_comments_member_nickname [success]
02:48:36.804250 [debug]: Started analyzing test DEV_dbt_test__audit.not_null_silver_airport_comments_member_nickname
02:48:36.804260 [debug]: Finished rendering [  0.00s] test DEV_dbt_test__audit.not_null_silver_airports_airport_ident [success]
02:48:36.804272 [debug]: Started analyzing test DEV_dbt_test__audit.not_null_silver_airports_airport_ident
02:48:36.804277 [debug]: Finished rendering [  0.00s] test DEV_dbt_test__audit.not_null_src_runways_runway_id [success]
02:48:36.804275 [debug]: Compiled SQL for node test.airstats.not_null_silver_runways_runway_id.946f785ae9 at target/compiled/generic_tests/not_null_silver_runways_runway_id.sql
02:48:36.804291 [debug]: Started analyzing test DEV_dbt_test__audit.not_null_src_runways_runway_id
02:48:36.804297 [debug]: Finished rendering [  0.00s] test DEV_dbt_test__audit.not_null_silver_airport_comments_comment_body [success]
02:48:36.804309 [debug]: Started analyzing test DEV_dbt_test__audit.not_null_silver_airport_comments_comment_body
02:48:36.804315 [debug]: Finished rendering [  0.00s] test DEV_dbt_test__audit.unique_src_airport_comments_comment_id [success]
02:48:36.804327 [debug]: Started analyzing test DEV_dbt_test__audit.unique_src_airport_comments_comment_id
02:48:36.804331 [debug]: Finished rendering [  0.00s] test DEV_dbt_test__audit.unique_silver_airports_airport_ident [success]
02:48:36.804342 [debug]: Started analyzing test DEV_dbt_test__audit.unique_silver_airports_airport_ident
02:48:36.804346 [debug]: Finished rendering [  0.00s] test DEV_dbt_test__audit.unique_src_runways_runway_id [success]
02:48:36.804350 [debug]: Started analyzing test DEV_dbt_test__audit.unique_src_runways_runway_id
02:48:36.804354 [debug]: Finished rendering [  0.00s] test DEV_dbt_test__audit.unique_silver_runways_runway_id [success]
02:48:36.804357 [debug]: Started analyzing test DEV_dbt_test__audit.unique_silver_runways_runway_id
02:48:36.804361 [debug]: Finished rendering [  0.00s] test DEV_dbt_test__audit.unique_src_airports_airport_ident [success]
02:48:36.804364 [debug]: Started analyzing test DEV_dbt_test__audit.unique_src_airports_airport_ident
02:48:36.804369 [debug]: Finished rendering [  0.00s] test DEV_dbt_test__audit.not_null_silver_runways_runway_id [success]
02:48:36.804371 [info ]: Finished rendering [  0.00s] (15 nodes, 0 skipped, 0 errors)
02:48:36.804382 [debug]: Started analyzing test DEV_dbt_test__audit.not_null_silver_runways_runway_id
02:48:36.845349 [debug]: Finished analyzing [  0.04s] test DEV_dbt_test__audit.not_null_src_airports_airport_ident [success]
02:48:36.845407 [info ]: Started running (15 nodes)
02:48:36.845429 [debug]: Started running test DEV_dbt_test__audit.not_null_src_airports_airport_ident
02:48:36.845439 [debug]: Finished analyzing [  0.04s] test DEV_dbt_test__audit.not_null_src_runways_airport_ident [success]
02:48:36.845454 [debug]: Started running test DEV_dbt_test__audit.not_null_src_runways_airport_ident
02:48:36.845459 [debug]: Finished analyzing [  0.04s] test DEV_dbt_test__audit.not_null_silver_airports_airport_ident [success]
02:48:36.845470 [debug]: Started running test DEV_dbt_test__audit.not_null_silver_airports_airport_ident
02:48:36.845475 [debug]: Finished analyzing [  0.04s] test DEV_dbt_test__audit.not_null_src_runways_runway_id [success]
02:48:36.845486 [debug]: Started running test DEV_dbt_test__audit.not_null_src_runways_runway_id
02:48:36.845491 [debug]: Finished analyzing [  0.04s] test DEV_dbt_test__audit.not_null_silver_airport_comments_comment_id [success]
02:48:36.845596 [debug]: Started running test DEV_dbt_test__audit.not_null_silver_airport_comments_comment_id
02:48:36.845605 [debug]: Finished analyzing [  0.04s] test DEV_dbt_test__audit.not_null_silver_airport_comments_member_nickname [success]
02:48:36.845620 [debug]: Started running test DEV_dbt_test__audit.not_null_silver_airport_comments_member_nickname
02:48:36.845625 [debug]: Finished analyzing [  0.04s] test DEV_dbt_test__audit.not_null_src_airport_comments_comment_id [success]
02:48:36.845657 [debug]: Started running test DEV_dbt_test__audit.not_null_src_airport_comments_comment_id
02:48:36.845662 [debug]: Finished analyzing [  0.04s] test DEV_dbt_test__audit.not_null_silver_airport_comments_comment_body [success]
02:48:36.845737 [debug]: Started running test DEV_dbt_test__audit.not_null_silver_airport_comments_comment_body
02:48:36.845971 [debug]: Finished analyzing [  0.04s] test DEV_dbt_test__audit.not_null_silver_runways_runway_id [success]
02:48:36.845987 [debug]: Started running test DEV_dbt_test__audit.not_null_silver_runways_runway_id
02:48:36.847228 [debug]: Writing runtime sql for node "test.airstats.not_null_silver_runways_runway_id.946f785ae9"
02:48:36.847333 [debug]: Writing runtime sql for node "test.airstats.not_null_silver_airports_airport_ident.23a9200d75"
02:48:36.847662 [debug]: Writing runtime sql for node "test.airstats.not_null_src_airport_comments_comment_id.8ca3c09d27"
02:48:36.847717 [debug]: Writing runtime sql for node "test.airstats.not_null_src_runways_runway_id.47ef077803"
02:48:36.848645 [debug]: Writing runtime sql for node "test.airstats.not_null_src_airports_airport_ident.07349ac3ef"
02:48:36.849167 [debug]: Writing runtime sql for node "test.airstats.not_null_silver_airport_comments_comment_body.7618290c46"
02:48:36.849477 [debug]: Writing runtime sql for node "test.airstats.not_null_silver_airport_comments_comment_id.e7a61a7a48"
02:48:36.850467 [debug]: Writing runtime sql for node "test.airstats.not_null_src_runways_airport_ident.2583f32a06"
02:48:36.850508 [debug]: Writing runtime sql for node "test.airstats.not_null_silver_airport_comments_member_nickname.37aa0f2aa3"
02:48:36.852271 [debug]: Finished analyzing [  0.05s] test DEV_dbt_test__audit.unique_src_airport_comments_comment_id [success]
02:48:36.852309 [debug]: Started running test DEV_dbt_test__audit.unique_src_airport_comments_comment_id
02:48:36.852545 [debug]: Finished analyzing [  0.05s] test DEV_dbt_test__audit.unique_silver_airports_airport_ident [success]
02:48:36.852569 [debug]: Started running test DEV_dbt_test__audit.unique_silver_airports_airport_ident
02:48:36.853092 [debug]: Finished analyzing [  0.05s] test DEV_dbt_test__audit.unique_silver_airport_comments_comment_id [success]
02:48:36.853107 [debug]: Started running test DEV_dbt_test__audit.unique_silver_airport_comments_comment_id
02:48:36.853273 [debug]: Finished analyzing [  0.05s] test DEV_dbt_test__audit.unique_src_runways_runway_id [success]
02:48:36.853336 [debug]: Started running test DEV_dbt_test__audit.unique_src_runways_runway_id
02:48:36.853364 [debug]: Finished analyzing [  0.05s] test DEV_dbt_test__audit.unique_src_airports_airport_ident [success]
02:48:36.853379 [debug]: Writing runtime sql for node "test.airstats.unique_silver_airports_airport_ident.e1d5a10237"
02:48:36.853389 [debug]: Started running test DEV_dbt_test__audit.unique_src_airports_airport_ident
02:48:36.853404 [debug]: Finished analyzing [  0.05s] test DEV_dbt_test__audit.unique_silver_runways_runway_id [success]
02:48:36.853418 [info ]: Finished analyzing [  0.05s] (15 nodes, 0 skipped, 0 errors)
02:48:36.853448 [debug]: Started running test DEV_dbt_test__audit.unique_silver_runways_runway_id
02:48:36.853532 [debug]: Writing runtime sql for node "test.airstats.unique_src_airport_comments_comment_id.fcf95d71e9"
02:48:36.853969 [debug]: Writing runtime sql for node "test.airstats.unique_silver_airport_comments_comment_id.c911e15327"
02:48:36.854130 [debug]: Writing runtime sql for node "test.airstats.unique_src_runways_runway_id.7deef2bd78"
02:48:36.854239 [debug]: Writing runtime sql for node "test.airstats.unique_src_airports_airport_ident.8ef120bfc3"
02:48:36.854336 [debug]: Writing runtime sql for node "test.airstats.unique_silver_runways_runway_id.fdfdb1e0d5"
02:48:37.189046 [debug]: Query executed on node test.airstats.not_null_silver_airport_comments_member_nickname.37aa0f2aa3:
select
      count(*) as failures,
      count(*) != 0 as should_warn,
      count(*) != 0 as should_error
    from (
      
    
  
    
    



select member_nickname
from AIRSTATS.DEV.silver_airport_comments
where member_nickname is null



  
  
      
    ) dbt_internal_test
/* {"app": "dbt", "dbt_version": "2.0.0", "node_id": "test.airstats.not_null_silver_airport_comments_member_nickname.37aa0f2aa3", "profile_name": "airstats", "target_name": "dev"} */
02:48:37.190650 [info ]:     Passed [  0.39s] test  DEV_dbt_test__audit.not_null_silver_airport_comments_member_nickname
02:48:37.190793 [debug]: Finished running [  0.35s] test DEV_dbt_test__audit.not_null_silver_airport_comments_member_nickname [pass]
02:48:37.197425 [debug]: Query executed on node test.airstats.unique_silver_airport_comments_comment_id.c911e15327:
select
      count(*) as failures,
      count(*) != 0 as should_warn,
      count(*) != 0 as should_error
    from (
      
    
  
    
    

select
    comment_id as unique_field,
    count(*) as n_records

from AIRSTATS.DEV.silver_airport_comments
where comment_id is not null
group by comment_id
having count(*) > 1



  
  
      
    ) dbt_internal_test
/* {"app": "dbt", "dbt_version": "2.0.0", "node_id": "test.airstats.unique_silver_airport_comments_comment_id.c911e15327", "profile_name": "airstats", "target_name": "dev"} */
02:48:37.198575 [info ]:     Passed [  0.40s] test  DEV_dbt_test__audit.unique_silver_airport_comments_comment_id
02:48:37.198682 [debug]: Finished running [  0.35s] test DEV_dbt_test__audit.unique_silver_airport_comments_comment_id [pass]
02:48:37.202765 [debug]: Query executed on node test.airstats.not_null_silver_airport_comments_comment_body.7618290c46:
select
      count(*) as failures,
      count(*) != 0 as should_warn,
      count(*) != 0 as should_error
    from (
      
    
  
    
    



select comment_body
from AIRSTATS.DEV.silver_airport_comments
where comment_body is null



  
  
      
    ) dbt_internal_test
/* {"app": "dbt", "dbt_version": "2.0.0", "node_id": "test.airstats.not_null_silver_airport_comments_comment_body.7618290c46", "profile_name": "airstats", "target_name": "dev"} */
02:48:37.203709 [info ]:     Passed [  0.40s] test  DEV_dbt_test__audit.not_null_silver_airport_comments_comment_body
02:48:37.203820 [debug]: Finished running [  0.36s] test DEV_dbt_test__audit.not_null_silver_airport_comments_comment_body [pass]
02:48:37.218955 [debug]: Query executed on node test.airstats.not_null_src_runways_runway_id.47ef077803:
select
      count(*) as failures,
      count(*) != 0 as should_warn,
      count(*) != 0 as should_error
    from (
      
    
  
    
    



select runway_id
from AIRSTATS.DEV.src_runways
where runway_id is null



  
  
      
    ) dbt_internal_test
/* {"app": "dbt", "dbt_version": "2.0.0", "node_id": "test.airstats.not_null_src_runways_runway_id.47ef077803", "profile_name": "airstats", "target_name": "dev"} */
02:48:37.219892 [info ]:     Passed [  0.42s] test  DEV_dbt_test__audit.not_null_src_runways_runway_id
02:48:37.219998 [debug]: Finished running [  0.37s] test DEV_dbt_test__audit.not_null_src_runways_runway_id [pass]
02:48:37.223544 [debug]: Query executed on node test.airstats.not_null_silver_airport_comments_comment_id.e7a61a7a48:
select
      count(*) as failures,
      count(*) != 0 as should_warn,
      count(*) != 0 as should_error
    from (
      
    
  
    
    



select comment_id
from AIRSTATS.DEV.silver_airport_comments
where comment_id is null



  
  
      
    ) dbt_internal_test
/* {"app": "dbt", "dbt_version": "2.0.0", "node_id": "test.airstats.not_null_silver_airport_comments_comment_id.e7a61a7a48", "profile_name": "airstats", "target_name": "dev"} */
02:48:37.224061 [debug]: Query executed on node test.airstats.unique_src_runways_runway_id.7deef2bd78:
select
      count(*) as failures,
      count(*) != 0 as should_warn,
      count(*) != 0 as should_error
    from (
      
    
  
    
    

select
    runway_id as unique_field,
    count(*) as n_records

from AIRSTATS.DEV.src_runways
where runway_id is not null
group by runway_id
having count(*) > 1



  
  
      
    ) dbt_internal_test
/* {"app": "dbt", "dbt_version": "2.0.0", "node_id": "test.airstats.unique_src_runways_runway_id.7deef2bd78", "profile_name": "airstats", "target_name": "dev"} */
02:48:37.224114 [debug]: Query executed on node test.airstats.not_null_src_airports_airport_ident.07349ac3ef:
select
      count(*) as failures,
      count(*) != 0 as should_warn,
      count(*) != 0 as should_error
    from (
      
    
  
    
    



select airport_ident
from AIRSTATS.DEV.src_airports
where airport_ident is null



  
  
      
    ) dbt_internal_test
/* {"app": "dbt", "dbt_version": "2.0.0", "node_id": "test.airstats.not_null_src_airports_airport_ident.07349ac3ef", "profile_name": "airstats", "target_name": "dev"} */
02:48:37.224294 [info ]:     Passed [  0.42s] test  DEV_dbt_test__audit.not_null_silver_airport_comments_comment_id
02:48:37.224339 [debug]: Finished running [  0.38s] test DEV_dbt_test__audit.not_null_silver_airport_comments_comment_id [pass]
02:48:37.224529 [info ]:     Passed [  0.42s] test  DEV_dbt_test__audit.unique_src_runways_runway_id
02:48:37.224574 [debug]: Finished running [  0.37s] test DEV_dbt_test__audit.unique_src_runways_runway_id [pass]
02:48:37.224674 [info ]:     Passed [  0.42s] test  DEV_dbt_test__audit.not_null_src_airports_airport_ident
02:48:37.224706 [debug]: Finished running [  0.38s] test DEV_dbt_test__audit.not_null_src_airports_airport_ident [pass]
02:48:37.228683 [debug]: Query executed on node test.airstats.not_null_src_runways_airport_ident.2583f32a06:
select
      count(*) as failures,
      count(*) != 0 as should_warn,
      count(*) != 0 as should_error
    from (
      
    
  
    
    



select airport_ident
from AIRSTATS.DEV.src_runways
where airport_ident is null



  
  
      
    ) dbt_internal_test
/* {"app": "dbt", "dbt_version": "2.0.0", "node_id": "test.airstats.not_null_src_runways_airport_ident.2583f32a06", "profile_name": "airstats", "target_name": "dev"} */
02:48:37.229616 [info ]:     Passed [  0.43s] test  DEV_dbt_test__audit.not_null_src_runways_airport_ident
02:48:37.229659 [debug]: Finished running [  0.38s] test DEV_dbt_test__audit.not_null_src_runways_airport_ident [pass]
02:48:37.231274 [debug]: Query executed on node test.airstats.unique_silver_airports_airport_ident.e1d5a10237:
select
      count(*) as failures,
      count(*) != 0 as should_warn,
      count(*) != 0 as should_error
    from (
      
    
  
    
    

select
    airport_ident as unique_field,
    count(*) as n_records

from AIRSTATS.DEV.silver_airports
where airport_ident is not null
group by airport_ident
having count(*) > 1



  
  
      
    ) dbt_internal_test
/* {"app": "dbt", "dbt_version": "2.0.0", "node_id": "test.airstats.unique_silver_airports_airport_ident.e1d5a10237", "profile_name": "airstats", "target_name": "dev"} */
02:48:37.231787 [info ]:     Passed [  0.43s] test  DEV_dbt_test__audit.unique_silver_airports_airport_ident
02:48:37.231831 [debug]: Finished running [  0.38s] test DEV_dbt_test__audit.unique_silver_airports_airport_ident [pass]
02:48:37.232383 [debug]: Query executed on node test.airstats.not_null_silver_airports_airport_ident.23a9200d75:
select
      count(*) as failures,
      count(*) != 0 as should_warn,
      count(*) != 0 as should_error
    from (
      
    
  
    
    



select airport_ident
from AIRSTATS.DEV.silver_airports
where airport_ident is null



  
  
      
    ) dbt_internal_test
/* {"app": "dbt", "dbt_version": "2.0.0", "node_id": "test.airstats.not_null_silver_airports_airport_ident.23a9200d75", "profile_name": "airstats", "target_name": "dev"} */
02:48:37.232770 [info ]:     Passed [  0.43s] test  DEV_dbt_test__audit.not_null_silver_airports_airport_ident
02:48:37.232811 [debug]: Finished running [  0.39s] test DEV_dbt_test__audit.not_null_silver_airports_airport_ident [pass]
02:48:37.258015 [debug]: Query executed on node test.airstats.not_null_silver_runways_runway_id.946f785ae9:
select
      count(*) as failures,
      count(*) != 0 as should_warn,
      count(*) != 0 as should_error
    from (
      
    
  
    
    



select runway_id
from AIRSTATS.DEV.silver_runways
where runway_id is null



  
  
      
    ) dbt_internal_test
/* {"app": "dbt", "dbt_version": "2.0.0", "node_id": "test.airstats.not_null_silver_runways_runway_id.946f785ae9", "profile_name": "airstats", "target_name": "dev"} */
02:48:37.258667 [info ]:     Passed [  0.46s] test  DEV_dbt_test__audit.not_null_silver_runways_runway_id
02:48:37.258739 [debug]: Finished running [  0.41s] test DEV_dbt_test__audit.not_null_silver_runways_runway_id [pass]
02:48:37.265021 [debug]: Query executed on node test.airstats.unique_src_airports_airport_ident.8ef120bfc3:
select
      count(*) as failures,
      count(*) != 0 as should_warn,
      count(*) != 0 as should_error
    from (
      
    
  
    
    

select
    airport_ident as unique_field,
    count(*) as n_records

from AIRSTATS.DEV.src_airports
where airport_ident is not null
group by airport_ident
having count(*) > 1



  
  
      
    ) dbt_internal_test
/* {"app": "dbt", "dbt_version": "2.0.0", "node_id": "test.airstats.unique_src_airports_airport_ident.8ef120bfc3", "profile_name": "airstats", "target_name": "dev"} */
02:48:37.265408 [info ]:     Passed [  0.46s] test  DEV_dbt_test__audit.unique_src_airports_airport_ident
02:48:37.265440 [debug]: Finished running [  0.41s] test DEV_dbt_test__audit.unique_src_airports_airport_ident [pass]
02:48:37.293411 [debug]: Query executed on node test.airstats.not_null_src_airport_comments_comment_id.8ca3c09d27:
select
      count(*) as failures,
      count(*) != 0 as should_warn,
      count(*) != 0 as should_error
    from (
      
    
  
    
    



select comment_id
from AIRSTATS.DEV.src_airport_comments
where comment_id is null



  
  
      
    ) dbt_internal_test
/* {"app": "dbt", "dbt_version": "2.0.0", "node_id": "test.airstats.not_null_src_airport_comments_comment_id.8ca3c09d27", "profile_name": "airstats", "target_name": "dev"} */
02:48:37.293907 [info ]:     Passed [  0.49s] test  DEV_dbt_test__audit.not_null_src_airport_comments_comment_id
02:48:37.293950 [debug]: Finished running [  0.45s] test DEV_dbt_test__audit.not_null_src_airport_comments_comment_id [pass]
02:48:37.348859 [debug]: Query executed on node test.airstats.unique_silver_runways_runway_id.fdfdb1e0d5:
select
      count(*) as failures,
      count(*) != 0 as should_warn,
      count(*) != 0 as should_error
    from (
      
    
  
    
    

select
    runway_id as unique_field,
    count(*) as n_records

from AIRSTATS.DEV.silver_runways
where runway_id is not null
group by runway_id
having count(*) > 1



  
  
      
    ) dbt_internal_test
/* {"app": "dbt", "dbt_version": "2.0.0", "node_id": "test.airstats.unique_silver_runways_runway_id.fdfdb1e0d5", "profile_name": "airstats", "target_name": "dev"} */
02:48:37.349439 [info ]:     Passed [  0.55s] test  DEV_dbt_test__audit.unique_silver_runways_runway_id
02:48:37.349494 [debug]: Finished running [  0.50s] test DEV_dbt_test__audit.unique_silver_runways_runway_id [pass]
02:48:37.399769 [debug]: Query executed on node test.airstats.unique_src_airport_comments_comment_id.fcf95d71e9:
select
      count(*) as failures,
      count(*) != 0 as should_warn,
      count(*) != 0 as should_error
    from (
      
    
  
    
    

select
    comment_id as unique_field,
    count(*) as n_records

from AIRSTATS.DEV.src_airport_comments
where comment_id is not null
group by comment_id
having count(*) > 1



  
  
      
    ) dbt_internal_test
/* {"app": "dbt", "dbt_version": "2.0.0", "node_id": "test.airstats.unique_src_airport_comments_comment_id.fcf95d71e9", "profile_name": "airstats", "target_name": "dev"} */
02:48:37.400616 [info ]:     Passed [  0.60s] test  DEV_dbt_test__audit.unique_src_airport_comments_comment_id
02:48:37.400677 [debug]: Finished running [  0.55s] test DEV_dbt_test__audit.unique_src_airport_comments_comment_id [pass]
02:48:37.400702 [info ]: Finished running [  0.56s] (15 nodes, 0 skipped, 0 errors)
02:48:37.461411 [info ]: 
==================== Execution Summary =====================
Finished 'test' successfully for target 'dev' [835ms]
Processed: 15 tests
Summary: 15 total | 15 success
